Iteration,Method,Prune_Ratio,Baseline_Candidate_Acc,Accuracy_After_Finetuning,Training_Time_sec,Compression_Rate,Params,Baseline_Accuracy,Baseline_FLOPs
1000,Random,0.2,89.25,88.72,78.9415853023529,1.2548862445280227,162190.0,88.71,203264.0
983,Random,0.2,89.15,88.74,78.56351208686829,1.2548862445280227,162190.0,88.71,203264.0
628,Random,0.2,89.05,88.85,78.36234426498413,1.2548862445280227,162190.0,88.71,203264.0
221,Random,0.2,89.15,89.22,81.26226449012756,1.2548862445280227,162190.0,88.71,203264.0
346,Random,0.2,89.1,88.96,78.8286919593811,1.2548862445280227,162190.0,88.71,203264.0
93,Random,0.2,89.05,88.93,79.3633599281311,1.2548862445280227,162190.0,88.71,203264.0
334,Random,0.2,89.05,88.65,85.66351675987244,1.2548862445280227,162190.0,88.71,203264.0
769,Random,0.2,89.05,88.61,73.7562084197998,1.2548862445280227,162190.0,88.71,203264.0
935,Random,0.2,89.0,88.4,74.37560963630676,1.2548862445280227,162190.0,88.71,203264.0
202,Random,0.2,89.0,89.2,73.85114550590515,1.2548862445280227,162190.0,88.71,203264.0
530,Random,0.2,88.95,89.07,73.34062337875366,1.2548862445280227,162190.0,88.71,203264.0
499,Random,0.2,88.95,89.28,75.04842972755432,1.2548862445280227,162190.0,88.71,203264.0
765,Random,0.2,89.0,88.57,75.53113079071045,1.2548862445280227,162190.0,88.71,203264.0
872,Random,0.2,88.95,89.16,71.89047980308533,1.2548862445280227,162190.0,88.71,203264.0
901,Random,0.2,88.95,88.7,71.76240849494934,1.2548862445280227,162190.0,88.71,203264.0
238,Random,0.2,88.95,88.57,70.71797513961792,1.2548862445280227,162190.0,88.71,203264.0
658,Random,0.2,88.9,88.67,70.40427827835083,1.2548862445280227,162190.0,88.71,203264.0
686,Random,0.2,88.9,88.67,79.40700483322144,1.2548862445280227,162190.0,88.71,203264.0
359,Random,0.2,88.9,88.67,84.72181701660156,1.2548862445280227,162190.0,88.71,203264.0
884,Random,0.2,88.9,88.71,80.33033394813538,1.2548862445280227,162190.0,88.71,203264.0
766,Random,0.2,88.9,89.14,80.35318183898926,1.2548862445280227,162190.0,88.71,203264.0
342,Random,0.2,88.85,88.65,71.43395400047302,1.2548862445280227,162190.0,88.71,203264.0
889,Random,0.2,88.85,88.87,75.95641016960144,1.2548862445280227,162190.0,88.71,203264.0
270,Random,0.2,88.85,88.69,72.5393340587616,1.2548862445280227,162190.0,88.71,203264.0
301,Random,0.2,88.8,88.49,75.85191679000854,1.2548862445280227,162190.0,88.71,203264.0
18,Random,0.2,88.85,88.7,80.55608296394348,1.2548862445280227,162190.0,88.71,203264.0
723,Random,0.2,88.85,88.67,80.94300746917725,1.2548862445280227,162190.0,88.71,203264.0
440,Random,0.2,88.8,88.32,82.94299077987671,1.2548862445280227,162190.0,88.71,203264.0
422,Random,0.2,88.8,89.02,60.66940712928772,1.2548862445280227,162190.0,88.71,203264.0
390,Random,0.2,88.8,89.1,70.47456645965576,1.2548862445280227,162190.0,88.71,203264.0
164,Random,0.2,88.8,89.17,69.16677570343018,1.2548862445280227,162190.0,88.71,203264.0
756,Random,0.2,88.8,88.53,74.61837887763977,1.2548862445280227,162190.0,88.71,203264.0
136,Random,0.2,88.8,89.1,78.90751004219055,1.2548862445280227,162190.0,88.71,203264.0
837,Random,0.2,88.8,88.97,75.74810433387756,1.2548862445280227,162190.0,88.71,203264.0
474,Random,0.2,88.75,89.18,75.78205943107605,1.2548862445280227,162190.0,88.71,203264.0
526,Random,0.2,88.75,88.96,71.66685605049133,1.2548862445280227,162190.0,88.71,203264.0
407,Random,0.2,88.75,88.94,69.36491870880127,1.2548862445280227,162190.0,88.71,203264.0
980,Random,0.2,88.75,89.23,68.2294933795929,1.2548862445280227,162190.0,88.71,203264.0
801,Random,0.2,88.75,89.16,61.835734128952026,1.2548862445280227,162190.0,88.71,203264.0
231,Random,0.2,88.75,88.77,68.34742546081543,1.2548862445280227,162190.0,88.71,203264.0
836,Random,0.2,88.75,89.02,65.09766340255737,1.2548862445280227,162190.0,88.71,203264.0
37,Random,0.2,88.75,88.95,73.9760205745697,1.2548862445280227,162190.0,88.71,203264.0
442,Random,0.2,88.7,88.81,74.55952787399292,1.2548862445280227,162190.0,88.71,203264.0
525,Random,0.2,88.7,88.78,70.73740577697754,1.2548862445280227,162190.0,88.71,203264.0
297,Random,0.2,88.7,88.43,70.20963263511658,1.2548862445280227,162190.0,88.71,203264.0
997,Random,0.2,88.7,87.72,70.22977042198181,1.2548862445280227,162190.0,88.71,203264.0
613,Random,0.2,88.7,88.99,72.56317186355591,1.2548862445280227,162190.0,88.71,203264.0
7,Random,0.2,88.7,88.91,71.34737944602966,1.2548862445280227,162190.0,88.71,203264.0
60,Random,0.2,88.7,88.93,68.85686898231506,1.2548862445280227,162190.0,88.71,203264.0
457,Random,0.2,88.65,88.83,71.64764976501465,1.2548862445280227,162190.0,88.71,203264.0
818,Random,0.2,88.7,88.67,73.39311814308167,1.2548862445280227,162190.0,88.71,203264.0
508,Random,0.2,88.65,88.64,75.68601036071777,1.2548862445280227,162190.0,88.71,203264.0
299,Random,0.2,88.65,88.55,79.72332525253296,1.2548862445280227,162190.0,88.71,203264.0
325,Random,0.2,88.65,88.77,80.68556427955627,1.2548862445280227,162190.0,88.71,203264.0
418,Random,0.2,88.65,88.55,78.46341300010681,1.2548862445280227,162190.0,88.71,203264.0
589,Random,0.2,88.65,89.14,85.32143521308899,1.2548862445280227,162190.0,88.71,203264.0
597,Random,0.2,88.65,88.9,75.74778723716736,1.2548862445280227,162190.0,88.71,203264.0
619,Random,0.2,88.65,88.93,77.02914094924927,1.2548862445280227,162190.0,88.71,203264.0
625,Random,0.2,88.65,88.96,74.25338673591614,1.2548862445280227,162190.0,88.71,203264.0
685,Random,0.2,88.65,88.97,63.384742975234985,1.2548862445280227,162190.0,88.71,203264.0
629,Random,0.2,88.65,88.51,69.36330580711365,1.2548862445280227,162190.0,88.71,203264.0
667,Random,0.2,88.65,88.48,66.90443301200867,1.2548862445280227,162190.0,88.71,203264.0
861,Random,0.2,88.65,88.88,69.8065733909607,1.2548862445280227,162190.0,88.71,203264.0
879,Random,0.2,88.65,89.28,76.38937139511108,1.2548862445280227,162190.0,88.71,203264.0
916,Random,0.2,88.65,88.94,74.52217078208923,1.2548862445280227,162190.0,88.71,203264.0
919,Random,0.2,88.65,88.16,74.99609422683716,1.2548862445280227,162190.0,88.71,203264.0
999,Random,0.2,88.65,88.48,70.35232281684875,1.2548862445280227,162190.0,88.71,203264.0
232,Random,0.2,88.65,88.62,73.72803378105164,1.2548862445280227,162190.0,88.71,203264.0
262,Random,0.2,88.65,88.93,75.18384289741516,1.2548862445280227,162190.0,88.71,203264.0
281,Random,0.2,88.65,89.31,77.78201007843018,1.2548862445280227,162190.0,88.71,203264.0
282,Random,0.2,88.65,88.77,68.16295409202576,1.2548862445280227,162190.0,88.71,203264.0
56,Random,0.2,88.65,88.79,69.18796515464783,1.2548862445280227,162190.0,88.71,203264.0
71,Random,0.2,88.65,88.88,67.4634428024292,1.2548862445280227,162190.0,88.71,203264.0
725,Random,0.2,88.65,88.99,62.35512161254883,1.2548862445280227,162190.0,88.71,203264.0
745,Random,0.2,88.65,89.21,61.830519676208496,1.2548862445280227,162190.0,88.71,203264.0
828,Random,0.2,88.65,89.05,72.40597295761108,1.2548862445280227,162190.0,88.71,203264.0
841,Random,0.2,88.65,88.54,60.74004769325256,1.2548862445280227,162190.0,88.71,203264.0
843,Random,0.2,88.65,88.45,56.15056037902832,1.2548862445280227,162190.0,88.71,203264.0
520,Random,0.2,88.6,88.03,57.20978546142578,1.2548862445280227,162190.0,88.71,203264.0
375,Random,0.2,88.6,88.67,57.360376596450806,1.2548862445280227,162190.0,88.71,203264.0
382,Random,0.2,88.6,89.01,55.59782886505127,1.2548862445280227,162190.0,88.71,203264.0
675,Random,0.2,88.6,88.87,58.541449546813965,1.2548862445280227,162190.0,88.71,203264.0
968,Random,0.2,88.6,89.35,61.66612935066223,1.2548862445280227,162190.0,88.71,203264.0
154,Random,0.2,88.6,88.67,65.01192784309387,1.2548862445280227,162190.0,88.71,203264.0
189,Random,0.2,88.6,89.04,63.99690628051758,1.2548862445280227,162190.0,88.71,203264.0
43,Random,0.2,88.6,88.74,63.917373180389404,1.2548862445280227,162190.0,88.71,203264.0
118,Random,0.2,88.6,88.92,67.24655628204346,1.2548862445280227,162190.0,88.71,203264.0
142,Random,0.2,88.6,88.62,72.29446816444397,1.2548862445280227,162190.0,88.71,203264.0
858,Random,0.2,88.6,88.91,67.30116486549377,1.2548862445280227,162190.0,88.71,203264.0
482,Random,0.2,88.55,89.03,67.67178273200989,1.2548862445280227,162190.0,88.71,203264.0
561,Random,0.2,88.55,88.1,71.68034958839417,1.2548862445280227,162190.0,88.71,203264.0
303,Random,0.2,88.55,88.9,65.93270635604858,1.2548862445280227,162190.0,88.71,203264.0
364,Random,0.2,88.55,89.03,64.83485627174377,1.2548862445280227,162190.0,88.71,203264.0
707,Random,0.2,88.55,88.08,65.54549622535706,1.2548862445280227,162190.0,88.71,203264.0
864,Random,0.2,88.55,88.86,69.84919095039368,1.2548862445280227,162190.0,88.71,203264.0
998,Random,0.2,88.55,89.02,69.20713806152344,1.2548862445280227,162190.0,88.71,203264.0
162,Random,0.2,88.55,88.27,71.79038429260254,1.2548862445280227,162190.0,88.71,203264.0
168,Random,0.2,88.55,88.76,74.03630423545837,1.2548862445280227,162190.0,88.71,203264.0
227,Random,0.2,88.55,88.82,66.96295976638794,1.2548862445280227,162190.0,88.71,203264.0
233,Random,0.2,88.55,88.78,67.75817465782166,1.2548862445280227,162190.0,88.71,203264.0
275,Random,0.2,88.55,88.57,66.53975009918213,1.2548862445280227,162190.0,88.71,203264.0
50,Random,0.2,88.55,88.7,64.75142359733582,1.2548862445280227,162190.0,88.71,203264.0
24,Random,0.2,88.55,88.44,67.6739752292633,1.2548862445280227,162190.0,88.71,203264.0
63,Random,0.2,88.55,87.76,63.68184804916382,1.2548862445280227,162190.0,88.71,203264.0
809,Random,0.2,88.55,88.73,68.00832438468933,1.2548862445280227,162190.0,88.71,203264.0
479,Random,0.2,88.5,88.48,68.23432922363281,1.2548862445280227,162190.0,88.71,203264.0
494,Random,0.2,88.5,88.56,68.32118892669678,1.2548862445280227,162190.0,88.71,203264.0
536,Random,0.2,88.5,88.99,70.36601161956787,1.2548862445280227,162190.0,88.71,203264.0
542,Random,0.2,88.5,88.98,63.32522392272949,1.2548862445280227,162190.0,88.71,203264.0
374,Random,0.2,88.5,88.72,75.92750358581543,1.2548862445280227,162190.0,88.71,203264.0
394,Random,0.2,88.5,88.81,69.81786489486694,1.2548862445280227,162190.0,88.71,203264.0
591,Random,0.2,88.5,88.98,70.15626788139343,1.2548862445280227,162190.0,88.71,203264.0
606,Random,0.2,88.5,88.42,66.1931483745575,1.2548862445280227,162190.0,88.71,203264.0
618,Random,0.2,88.5,88.49,65.69452476501465,1.2548862445280227,162190.0,88.71,203264.0
654,Random,0.2,88.5,89.06,66.01635575294495,1.2548862445280227,162190.0,88.71,203264.0
945,Random,0.2,88.5,89.38,60.11099624633789,1.2548862445280227,162190.0,88.71,203264.0
276,Random,0.2,88.5,88.99,61.12961935997009,1.2548862445280227,162190.0,88.71,203264.0
212,Random,0.2,88.5,88.67,69.99477338790894,1.2548862445280227,162190.0,88.71,203264.0
278,Random,0.2,88.5,88.68,65.19046688079834,1.2548862445280227,162190.0,88.71,203264.0
49,Random,0.2,88.5,88.93,60.40408706665039,1.2548862445280227,162190.0,88.71,203264.0
73,Random,0.2,88.5,89.16,66.37447619438171,1.2548862445280227,162190.0,88.71,203264.0
75,Random,0.2,88.5,88.33,62.21518659591675,1.2548862445280227,162190.0,88.71,203264.0
89,Random,0.2,88.5,88.38,62.03819537162781,1.2548862445280227,162190.0,88.71,203264.0
98,Random,0.2,88.5,89.18,63.4114887714386,1.2548862445280227,162190.0,88.71,203264.0
724,Random,0.2,88.5,88.99,70.62882041931152,1.2548862445280227,162190.0,88.71,203264.0
785,Random,0.2,88.5,88.87,66.18374466896057,1.2548862445280227,162190.0,88.71,203264.0
509,Random,0.2,88.45,89.39,64.65645289421082,1.2548862445280227,162190.0,88.71,203264.0
568,Random,0.2,88.45,88.78,64.35249018669128,1.2548862445280227,162190.0,88.71,203264.0
922,Random,0.2,88.45,89.03,59.96592450141907,1.2548862445280227,162190.0,88.71,203264.0
396,Random,0.2,88.45,88.74,66.38662815093994,1.2548862445280227,162190.0,88.71,203264.0
923,Random,0.2,88.45,88.76,59.25463128089905,1.2548862445280227,162190.0,88.71,203264.0
169,Random,0.2,88.45,88.19,72.30017828941345,1.2548862445280227,162190.0,88.71,203264.0
114,Random,0.2,88.45,88.85,62.854400873184204,1.2548862445280227,162190.0,88.71,203264.0
55,Random,0.2,88.45,88.05,65.9405837059021,1.2548862445280227,162190.0,88.71,203264.0
722,Random,0.2,88.45,88.65,61.5909218788147,1.2548862445280227,162190.0,88.71,203264.0
492,Random,0.2,88.4,88.49,62.085688829422,1.2548862445280227,162190.0,88.71,203264.0
788,Random,0.2,88.45,88.54,65.39747262001038,1.2548862445280227,162190.0,88.71,203264.0
539,Random,0.2,88.4,88.76,66.89270639419556,1.2548862445280227,162190.0,88.71,203264.0
368,Random,0.2,88.4,88.24,63.936147689819336,1.2548862445280227,162190.0,88.71,203264.0
429,Random,0.2,88.4,88.75,67.00395607948303,1.2548862445280227,162190.0,88.71,203264.0
648,Random,0.2,88.4,88.3,62.84786534309387,1.2548862445280227,162190.0,88.71,203264.0
635,Random,0.2,88.4,88.91,66.97155237197876,1.2548862445280227,162190.0,88.71,203264.0
653,Random,0.2,88.4,88.7,63.33738088607788,1.2548862445280227,162190.0,88.71,203264.0
677,Random,0.2,88.4,88.68,62.39329409599304,1.2548862445280227,162190.0,88.71,203264.0
682,Random,0.2,88.4,88.68,63.01710271835327,1.2548862445280227,162190.0,88.71,203264.0
695,Random,0.2,88.4,89.15,66.43563055992126,1.2548862445280227,162190.0,88.71,203264.0
702,Random,0.2,88.4,88.59,65.70535349845886,1.2548862445280227,162190.0,88.71,203264.0
704,Random,0.2,88.4,88.19,67.47119688987732,1.2548862445280227,162190.0,88.71,203264.0
941,Random,0.2,88.4,88.87,65.0319755077362,1.2548862445280227,162190.0,88.71,203264.0
226,Random,0.2,88.4,88.76,64.18300652503967,1.2548862445280227,162190.0,88.71,203264.0
918,Random,0.2,88.4,88.67,68.31083726882935,1.2548862445280227,162190.0,88.71,203264.0
228,Random,0.2,88.4,88.98,66.3918821811676,1.2548862445280227,162190.0,88.71,203264.0
4,Random,0.2,88.4,88.77,67.47428250312805,1.2548862445280227,162190.0,88.71,203264.0
822,Random,0.2,88.4,88.46,63.937878370285034,1.2548862445280227,162190.0,88.71,203264.0
462,Random,0.2,88.35,88.77,62.050894260406494,1.2548862445280227,162190.0,88.71,203264.0
111,Random,0.2,88.4,89.01,68.45951747894287,1.2548862445280227,162190.0,88.71,203264.0
551,Random,0.2,88.35,89.04,65.23285984992981,1.2548862445280227,162190.0,88.71,203264.0
459,Random,0.2,88.35,88.6,65.23607635498047,1.2548862445280227,162190.0,88.71,203264.0
332,Random,0.2,88.35,88.19,66.57715725898743,1.2548862445280227,162190.0,88.71,203264.0
610,Random,0.2,88.35,88.94,65.32113528251648,1.2548862445280227,162190.0,88.71,203264.0
379,Random,0.2,88.35,88.66,76.61606216430664,1.2548862445280227,162190.0,88.71,203264.0
578,Random,0.2,88.35,88.88,70.84269666671753,1.2548862445280227,162190.0,88.71,203264.0
881,Random,0.2,88.35,88.78,66.35145735740662,1.2548862445280227,162190.0,88.71,203264.0
992,Random,0.2,88.35,88.2,69.48124146461487,1.2548862445280227,162190.0,88.71,203264.0
713,Random,0.2,88.35,88.68,80.22751235961914,1.2548862445280227,162190.0,88.71,203264.0
199,Random,0.2,88.35,89.02,58.49258375167847,1.2548862445280227,162190.0,88.71,203264.0
235,Random,0.2,88.35,88.64,61.672919511795044,1.2548862445280227,162190.0,88.71,203264.0
32,Random,0.2,88.35,89.11,65.22841691970825,1.2548862445280227,162190.0,88.71,203264.0
8,Random,0.2,88.35,89.21,68.7675564289093,1.2548862445280227,162190.0,88.71,203264.0
77,Random,0.2,88.35,88.47,69.0087456703186,1.2548862445280227,162190.0,88.71,203264.0
260,Random,0.2,88.35,88.71,77.87217378616333,1.2548862445280227,162190.0,88.71,203264.0
78,Random,0.2,88.35,88.74,72.3548595905304,1.2548862445280227,162190.0,88.71,203264.0
134,Random,0.2,88.35,89.02,71.0602195262909,1.2548862445280227,162190.0,88.71,203264.0
141,Random,0.2,88.35,89.1,73.64374947547913,1.2548862445280227,162190.0,88.71,203264.0
719,Random,0.2,88.35,88.86,79.10015320777893,1.2548862445280227,162190.0,88.71,203264.0
743,Random,0.2,88.35,89.14,75.61594772338867,1.2548862445280227,162190.0,88.71,203264.0
798,Random,0.2,88.35,88.64,75.88078570365906,1.2548862445280227,162190.0,88.71,203264.0
850,Random,0.2,88.35,88.71,83.05144500732422,1.2548862445280227,162190.0,88.71,203264.0
498,Random,0.2,88.3,88.41,81.89559626579285,1.2548862445280227,162190.0,88.71,203264.0
288,Random,0.2,88.3,88.51,74.32200455665588,1.2548862445280227,162190.0,88.71,203264.0
328,Random,0.2,88.3,88.79,76.38491797447205,1.2548862445280227,162190.0,88.71,203264.0
345,Random,0.2,88.3,89.42,77.73208928108215,1.2548862445280227,162190.0,88.71,203264.0
330,Random,0.2,88.3,88.79,78.9955723285675,1.2548862445280227,162190.0,88.71,203264.0
360,Random,0.2,88.3,88.43,77.064453125,1.2548862445280227,162190.0,88.71,203264.0
414,Random,0.2,88.3,88.5,81.15864300727844,1.2548862445280227,162190.0,88.71,203264.0
604,Random,0.2,88.3,88.5,75.11212992668152,1.2548862445280227,162190.0,88.71,203264.0
423,Random,0.2,88.3,89.06,77.44403767585754,1.2548862445280227,162190.0,88.71,203264.0
627,Random,0.2,88.3,89.16,75.21512174606323,1.2548862445280227,162190.0,88.71,203264.0
714,Random,0.2,88.3,88.95,74.97505927085876,1.2548862445280227,162190.0,88.71,203264.0
867,Random,0.2,88.3,88.8,77.5351288318634,1.2548862445280227,162190.0,88.71,203264.0
925,Random,0.2,88.3,88.95,76.79771399497986,1.2548862445280227,162190.0,88.71,203264.0
990,Random,0.2,88.3,88.75,75.03833556175232,1.2548862445280227,162190.0,88.71,203264.0
948,Random,0.2,88.3,89.25,83.4108636379242,1.2548862445280227,162190.0,88.71,203264.0
188,Random,0.2,88.3,88.43,76.83549427986145,1.2548862445280227,162190.0,88.71,203264.0
217,Random,0.2,88.3,88.48,72.44553112983704,1.2548862445280227,162190.0,88.71,203264.0
286,Random,0.2,88.3,88.26,72.18643260002136,1.2548862445280227,162190.0,88.71,203264.0
97,Random,0.2,88.3,89.17,70.24892258644104,1.2548862445280227,162190.0,88.71,203264.0
39,Random,0.2,88.3,88.64,79.18566083908081,1.2548862445280227,162190.0,88.71,203264.0
103,Random,0.2,88.3,88.17,75.44982576370239,1.2548862445280227,162190.0,88.71,203264.0
120,Random,0.2,88.3,88.64,77.6600432395935,1.2548862445280227,162190.0,88.71,203264.0
718,Random,0.2,88.3,88.42,76.37771391868591,1.2548862445280227,162190.0,88.71,203264.0
456,Random,0.2,88.25,88.76,74.82824182510376,1.2548862445280227,162190.0,88.71,203264.0
529,Random,0.2,88.25,89.12,77.37797045707703,1.2548862445280227,162190.0,88.71,203264.0
339,Random,0.2,88.25,89.11,75.8246078491211,1.2548862445280227,162190.0,88.71,203264.0
370,Random,0.2,88.25,88.3,74.52994799613953,1.2548862445280227,162190.0,88.71,203264.0
371,Random,0.2,88.25,88.89,73.90330266952515,1.2548862445280227,162190.0,88.71,203264.0
387,Random,0.2,88.25,88.96,72.78543138504028,1.2548862445280227,162190.0,88.71,203264.0
402,Random,0.2,88.25,88.73,72.63522911071777,1.2548862445280227,162190.0,88.71,203264.0
580,Random,0.2,88.25,88.85,69.685142993927,1.2548862445280227,162190.0,88.71,203264.0
886,Random,0.2,88.25,89.06,61.59220504760742,1.2548862445280227,162190.0,88.71,203264.0
690,Random,0.2,88.25,88.87,68.395028591156,1.2548862445280227,162190.0,88.71,203264.0
651,Random,0.2,88.25,89.0,72.39198732376099,1.2548862445280227,162190.0,88.71,203264.0
965,Random,0.2,88.25,88.77,62.59210968017578,1.2548862445280227,162190.0,88.71,203264.0
167,Random,0.2,88.25,88.63,66.71467661857605,1.2548862445280227,162190.0,88.71,203264.0
173,Random,0.2,88.25,89.35,66.29034686088562,1.2548862445280227,162190.0,88.71,203264.0
237,Random,0.2,88.25,89.07,59.12339425086975,1.2548862445280227,162190.0,88.71,203264.0
10,Random,0.2,88.25,88.86,59.71570420265198,1.2548862445280227,162190.0,88.71,203264.0
762,Random,0.2,88.25,89.21,59.69250273704529,1.2548862445280227,162190.0,88.71,203264.0
140,Random,0.2,88.25,89.2,70.35096335411072,1.2548862445280227,162190.0,88.71,203264.0
65,Random,0.2,88.25,88.85,72.4654586315155,1.2548862445280227,162190.0,88.71,203264.0
436,Random,0.2,88.2,88.9,69.00102233886719,1.2548862445280227,162190.0,88.71,203264.0
799,Random,0.2,88.25,87.97,70.60313558578491,1.2548862445280227,162190.0,88.71,203264.0
450,Random,0.2,88.2,88.88,65.11702990531921,1.2548862445280227,162190.0,88.71,203264.0
487,Random,0.2,88.2,88.94,69.16139602661133,1.2548862445280227,162190.0,88.71,203264.0
556,Random,0.2,88.2,88.9,67.01792216300964,1.2548862445280227,162190.0,88.71,203264.0
312,Random,0.2,88.2,88.95,67.59531378746033,1.2548862445280227,162190.0,88.71,203264.0
548,Random,0.2,88.2,89.04,68.19927883148193,1.2548862445280227,162190.0,88.71,203264.0
318,Random,0.2,88.2,88.26,66.66396951675415,1.2548862445280227,162190.0,88.71,203264.0
386,Random,0.2,88.2,88.76,71.78271198272705,1.2548862445280227,162190.0,88.71,203264.0
393,Random,0.2,88.2,88.63,69.9376814365387,1.2548862445280227,162190.0,88.71,203264.0
408,Random,0.2,88.2,89.02,76.6991331577301,1.2548862445280227,162190.0,88.71,203264.0
611,Random,0.2,88.2,89.16,65.81042766571045,1.2548862445280227,162190.0,88.71,203264.0
650,Random,0.2,88.2,88.91,68.9322292804718,1.2548862445280227,162190.0,88.71,203264.0
633,Random,0.2,88.2,89.05,70.25637912750244,1.2548862445280227,162190.0,88.71,203264.0
669,Random,0.2,88.2,88.6,64.59663653373718,1.2548862445280227,162190.0,88.71,203264.0
683,Random,0.2,88.2,89.21,70.59467601776123,1.2548862445280227,162190.0,88.71,203264.0
715,Random,0.2,88.2,89.1,68.6567234992981,1.2548862445280227,162190.0,88.71,203264.0
862,Random,0.2,88.2,89.05,68.99707317352295,1.2548862445280227,162190.0,88.71,203264.0
865,Random,0.2,88.2,89.11,70.44517707824707,1.2548862445280227,162190.0,88.71,203264.0
887,Random,0.2,88.2,88.94,69.11153149604797,1.2548862445280227,162190.0,88.71,203264.0
897,Random,0.2,88.2,88.78,71.2774863243103,1.2548862445280227,162190.0,88.71,203264.0
932,Random,0.2,88.2,88.92,71.10630464553833,1.2548862445280227,162190.0,88.71,203264.0
952,Random,0.2,88.2,88.75,74.46823358535767,1.2548862445280227,162190.0,88.71,203264.0
47,Random,0.2,88.2,89.06,66.06804752349854,1.2548862445280227,162190.0,88.71,203264.0
69,Random,0.2,88.2,88.93,61.11191129684448,1.2548862445280227,162190.0,88.71,203264.0
760,Random,0.2,88.2,88.98,67.07928609848022,1.2548862445280227,162190.0,88.71,203264.0
780,Random,0.2,88.2,88.81,61.614441871643066,1.2548862445280227,162190.0,88.71,203264.0
435,Random,0.2,88.15,88.69,65.77143812179565,1.2548862445280227,162190.0,88.71,203264.0
546,Random,0.2,88.15,88.96,66.82934832572937,1.2548862445280227,162190.0,88.71,203264.0
406,Random,0.2,88.15,89.06,63.882312059402466,1.2548862445280227,162190.0,88.71,203264.0
558,Random,0.2,88.15,88.93,72.07971239089966,1.2548862445280227,162190.0,88.71,203264.0
415,Random,0.2,88.15,88.66,63.66569948196411,1.2548862445280227,162190.0,88.71,203264.0
674,Random,0.2,88.15,88.97,63.343366622924805,1.2548862445280227,162190.0,88.71,203264.0
424,Random,0.2,88.15,89.38,69.26149201393127,1.2548862445280227,162190.0,88.71,203264.0
689,Random,0.2,88.15,87.49,67.87698864936829,1.2548862445280227,162190.0,88.71,203264.0
693,Random,0.2,88.15,88.53,68.78964805603027,1.2548862445280227,162190.0,88.71,203264.0
708,Random,0.2,88.15,89.0,57.732943296432495,1.2548862445280227,162190.0,88.71,203264.0
905,Random,0.2,88.15,88.6,68.80210971832275,1.2548862445280227,162190.0,88.71,203264.0
928,Random,0.2,88.15,88.81,60.664024353027344,1.2548862445280227,162190.0,88.71,203264.0
977,Random,0.2,88.15,88.83,65.18421292304993,1.2548862445280227,162190.0,88.71,203264.0
146,Random,0.2,88.15,88.75,70.1006031036377,1.2548862445280227,162190.0,88.71,203264.0
149,Random,0.2,88.15,88.32,67.06515765190125,1.2548862445280227,162190.0,88.71,203264.0
161,Random,0.2,88.15,88.68,65.83635997772217,1.2548862445280227,162190.0,88.71,203264.0
200,Random,0.2,88.15,88.4,72.75957012176514,1.2548862445280227,162190.0,88.71,203264.0
213,Random,0.2,88.15,88.81,67.71222615242004,1.2548862445280227,162190.0,88.71,203264.0
266,Random,0.2,88.15,89.24,70.20661687850952,1.2548862445280227,162190.0,88.71,203264.0
74,Random,0.2,88.15,88.89,61.250234842300415,1.2548862445280227,162190.0,88.71,203264.0
1,Random,0.2,88.15,88.92,63.39266109466553,1.2548862445280227,162190.0,88.71,203264.0
285,Random,0.2,88.15,89.14,75.37634682655334,1.2548862445280227,162190.0,88.71,203264.0
83,Random,0.2,88.15,88.39,62.93787717819214,1.2548862445280227,162190.0,88.71,203264.0
95,Random,0.2,88.15,88.79,70.52084684371948,1.2548862445280227,162190.0,88.71,203264.0
99,Random,0.2,88.15,88.61,65.11064767837524,1.2548862445280227,162190.0,88.71,203264.0
793,Random,0.2,88.15,88.41,67.1025505065918,1.2548862445280227,162190.0,88.71,203264.0
794,Random,0.2,88.15,89.18,68.11410927772522,1.2548862445280227,162190.0,88.71,203264.0
824,Random,0.2,88.15,88.97,66.94962739944458,1.2548862445280227,162190.0,88.71,203264.0
830,Random,0.2,88.15,88.63,66.944655418396,1.2548862445280227,162190.0,88.71,203264.0
434,Random,0.2,88.1,88.87,62.283912897109985,1.2548862445280227,162190.0,88.71,203264.0
452,Random,0.2,88.1,88.16,65.78346586227417,1.2548862445280227,162190.0,88.71,203264.0
477,Random,0.2,88.1,88.98,64.46683430671692,1.2548862445280227,162190.0,88.71,203264.0
486,Random,0.2,88.1,88.88,72.22620582580566,1.2548862445280227,162190.0,88.71,203264.0
317,Random,0.2,88.1,88.71,68.41530346870422,1.2548862445280227,162190.0,88.71,203264.0
569,Random,0.2,88.1,87.91,70.82544898986816,1.2548862445280227,162190.0,88.71,203264.0
358,Random,0.2,88.1,88.9,70.20535588264465,1.2548862445280227,162190.0,88.71,203264.0
590,Random,0.2,88.1,88.58,66.64210653305054,1.2548862445280227,162190.0,88.71,203264.0
642,Random,0.2,88.1,88.49,65.3946943283081,1.2548862445280227,162190.0,88.71,203264.0
639,Random,0.2,88.1,87.89,72.71668744087219,1.2548862445280227,162190.0,88.71,203264.0
652,Random,0.2,88.1,88.3,67.9747097492218,1.2548862445280227,162190.0,88.71,203264.0
664,Random,0.2,88.1,88.87,67.94803476333618,1.2548862445280227,162190.0,88.71,203264.0
875,Random,0.2,88.1,88.73,67.00009560585022,1.2548862445280227,162190.0,88.71,203264.0
882,Random,0.2,88.1,88.83,65.02978372573853,1.2548862445280227,162190.0,88.71,203264.0
863,Random,0.2,88.1,88.67,69.92294025421143,1.2548862445280227,162190.0,88.71,203264.0
910,Random,0.2,88.1,88.51,62.65968370437622,1.2548862445280227,162190.0,88.71,203264.0
883,Random,0.2,88.1,89.05,74.86622500419617,1.2548862445280227,162190.0,88.71,203264.0
930,Random,0.2,88.1,88.88,66.53789591789246,1.2548862445280227,162190.0,88.71,203264.0
954,Random,0.2,88.1,88.63,63.4566376209259,1.2548862445280227,162190.0,88.71,203264.0
944,Random,0.2,88.1,89.24,67.59234976768494,1.2548862445280227,162190.0,88.71,203264.0
172,Random,0.2,88.1,88.81,68.1714038848877,1.2548862445280227,162190.0,88.71,203264.0
196,Random,0.2,88.1,88.88,69.70219874382019,1.2548862445280227,162190.0,88.71,203264.0
81,Random,0.2,88.1,89.1,62.21066427230835,1.2548862445280227,162190.0,88.71,203264.0
127,Random,0.2,88.1,89.05,65.58383107185364,1.2548862445280227,162190.0,88.71,203264.0
748,Random,0.2,88.1,88.6,60.358506202697754,1.2548862445280227,162190.0,88.71,203264.0
755,Random,0.2,88.1,87.6,60.385886430740356,1.2548862445280227,162190.0,88.71,203264.0
773,Random,0.2,88.1,88.63,64.32981514930725,1.2548862445280227,162190.0,88.71,203264.0
820,Random,0.2,88.1,88.97,65.6118791103363,1.2548862445280227,162190.0,88.71,203264.0
797,Random,0.2,88.1,88.82,66.7225604057312,1.2548862445280227,162190.0,88.71,203264.0
826,Random,0.2,88.1,89.2,60.717923641204834,1.2548862445280227,162190.0,88.71,203264.0
433,Random,0.2,88.05,89.4,63.725327491760254,1.2548862445280227,162190.0,88.71,203264.0
522,Random,0.2,88.05,89.1,57.08569598197937,1.2548862445280227,162190.0,88.71,203264.0
524,Random,0.2,88.05,88.69,59.235750675201416,1.2548862445280227,162190.0,88.71,203264.0
531,Random,0.2,88.05,88.94,66.72859239578247,1.2548862445280227,162190.0,88.71,203264.0
292,Random,0.2,88.05,88.56,66.03066754341125,1.2548862445280227,162190.0,88.71,203264.0
545,Random,0.2,88.05,88.62,66.79111361503601,1.2548862445280227,162190.0,88.71,203264.0
307,Random,0.2,88.05,89.09,60.66568565368652,1.2548862445280227,162190.0,88.71,203264.0
397,Random,0.2,88.05,88.26,63.5751850605011,1.2548862445280227,162190.0,88.71,203264.0
428,Random,0.2,88.05,89.06,65.79472208023071,1.2548862445280227,162190.0,88.71,203264.0
607,Random,0.2,88.05,89.14,68.29859972000122,1.2548862445280227,162190.0,88.71,203264.0
655,Random,0.2,88.05,87.83,64.49998354911804,1.2548862445280227,162190.0,88.71,203264.0
940,Random,0.2,88.05,88.82,63.810699701309204,1.2548862445280227,162190.0,88.71,203264.0
949,Random,0.2,88.05,89.25,65.43849754333496,1.2548862445280227,162190.0,88.71,203264.0
956,Random,0.2,88.05,88.32,69.79753017425537,1.2548862445280227,162190.0,88.71,203264.0
148,Random,0.2,88.05,89.14,67.0656201839447,1.2548862445280227,162190.0,88.71,203264.0
191,Random,0.2,88.05,88.41,65.7739028930664,1.2548862445280227,162190.0,88.71,203264.0
198,Random,0.2,88.05,88.22,64.868661403656,1.2548862445280227,162190.0,88.71,203264.0
203,Random,0.2,88.05,87.99,65.58395338058472,1.2548862445280227,162190.0,88.71,203264.0
261,Random,0.2,88.05,89.16,64.7821831703186,1.2548862445280227,162190.0,88.71,203264.0
284,Random,0.2,88.05,88.59,71.5927221775055,1.2548862445280227,162190.0,88.71,203264.0
3,Random,0.2,88.05,89.26,73.38911628723145,1.2548862445280227,162190.0,88.71,203264.0
21,Random,0.2,88.05,88.95,69.52855253219604,1.2548862445280227,162190.0,88.71,203264.0
106,Random,0.2,88.05,88.49,69.84587526321411,1.2548862445280227,162190.0,88.71,203264.0
123,Random,0.2,88.05,88.59,72.96408152580261,1.2548862445280227,162190.0,88.71,203264.0
135,Random,0.2,88.05,88.69,71.79835724830627,1.2548862445280227,162190.0,88.71,203264.0
726,Random,0.2,88.05,88.47,72.90734910964966,1.2548862445280227,162190.0,88.71,203264.0
735,Random,0.2,88.05,88.92,73.46139287948608,1.2548862445280227,162190.0,88.71,203264.0
761,Random,0.2,88.05,88.9,76.75914812088013,1.2548862445280227,162190.0,88.71,203264.0
781,Random,0.2,88.05,88.75,66.43687081336975,1.2548862445280227,162190.0,88.71,203264.0
778,Random,0.2,88.05,88.51,78.38232231140137,1.2548862445280227,162190.0,88.71,203264.0
784,Random,0.2,88.05,88.81,68.0419807434082,1.2548862445280227,162190.0,88.71,203264.0
802,Random,0.2,88.05,88.93,70.68835663795471,1.2548862445280227,162190.0,88.71,203264.0
840,Random,0.2,88.05,88.61,71.8555314540863,1.2548862445280227,162190.0,88.71,203264.0
844,Random,0.2,88.05,89.21,69.82878565788269,1.2548862445280227,162190.0,88.71,203264.0
855,Random,0.2,88.05,88.6,69.06818580627441,1.2548862445280227,162190.0,88.71,203264.0
444,Random,0.2,88.0,88.92,62.82288861274719,1.2548862445280227,162190.0,88.71,203264.0
464,Random,0.2,88.0,88.18,69.96410942077637,1.2548862445280227,162190.0,88.71,203264.0
567,Random,0.2,88.0,89.04,60.128183364868164,1.2548862445280227,162190.0,88.71,203264.0
293,Random,0.2,88.0,88.12,71.2795820236206,1.2548862445280227,162190.0,88.71,203264.0
343,Random,0.2,88.0,88.81,71.9734857082367,1.2548862445280227,162190.0,88.71,203264.0
347,Random,0.2,88.0,88.75,74.9099178314209,1.2548862445280227,162190.0,88.71,203264.0
350,Random,0.2,88.0,88.99,72.39077401161194,1.2548862445280227,162190.0,88.71,203264.0
365,Random,0.2,88.0,88.93,69.80678391456604,1.2548862445280227,162190.0,88.71,203264.0
416,Random,0.2,88.0,88.58,71.78197765350342,1.2548862445280227,162190.0,88.71,203264.0
392,Random,0.2,88.0,88.92,80.15818238258362,1.2548862445280227,162190.0,88.71,203264.0
582,Random,0.2,88.0,88.74,71.07197618484497,1.2548862445280227,162190.0,88.71,203264.0
594,Random,0.2,88.0,88.58,71.47099781036377,1.2548862445280227,162190.0,88.71,203264.0
595,Random,0.2,88.0,88.88,73.6346230506897,1.2548862445280227,162190.0,88.71,203264.0
601,Random,0.2,88.0,88.95,79.81501960754395,1.2548862445280227,162190.0,88.71,203264.0
598,Random,0.2,88.0,88.28,79.99590635299683,1.2548862445280227,162190.0,88.71,203264.0
696,Random,0.2,88.0,88.77,79.09370064735413,1.2548862445280227,162190.0,88.71,203264.0
620,Random,0.2,88.0,88.83,83.16869831085205,1.2548862445280227,162190.0,88.71,203264.0
871,Random,0.2,88.0,88.95,71.96063733100891,1.2548862445280227,162190.0,88.71,203264.0
902,Random,0.2,88.0,88.66,71.28691053390503,1.2548862445280227,162190.0,88.71,203264.0
929,Random,0.2,88.0,89.23,73.11166620254517,1.2548862445280227,162190.0,88.71,203264.0
170,Random,0.2,88.0,89.07,78.3530797958374,1.2548862445280227,162190.0,88.71,203264.0
987,Random,0.2,88.0,88.93,85.08196806907654,1.2548862445280227,162190.0,88.71,203264.0
195,Random,0.2,88.0,89.24,78.29786014556885,1.2548862445280227,162190.0,88.71,203264.0
257,Random,0.2,88.0,89.04,75.27708888053894,1.2548862445280227,162190.0,88.71,203264.0
53,Random,0.2,88.0,88.93,73.16147303581238,1.2548862445280227,162190.0,88.71,203264.0
59,Random,0.2,88.0,88.87,72.67347288131714,1.2548862445280227,162190.0,88.71,203264.0
116,Random,0.2,88.0,88.6,73.27403283119202,1.2548862445280227,162190.0,88.71,203264.0
129,Random,0.2,88.0,88.98,77.52055716514587,1.2548862445280227,162190.0,88.71,203264.0
734,Random,0.2,88.0,88.4,79.05973052978516,1.2548862445280227,162190.0,88.71,203264.0
764,Random,0.2,88.0,88.87,73.39932942390442,1.2548862445280227,162190.0,88.71,203264.0
763,Random,0.2,88.0,88.46,76.96454977989197,1.2548862445280227,162190.0,88.71,203264.0
772,Random,0.2,88.0,88.42,78.9724109172821,1.2548862445280227,162190.0,88.71,203264.0
779,Random,0.2,88.0,88.75,76.62605452537537,1.2548862445280227,162190.0,88.71,203264.0
786,Random,0.2,88.0,88.73,72.11112833023071,1.2548862445280227,162190.0,88.71,203264.0
832,Random,0.2,88.0,88.89,81.21259021759033,1.2548862445280227,162190.0,88.71,203264.0
834,Random,0.2,88.0,89.21,82.71748304367065,1.2548862445280227,162190.0,88.71,203264.0
463,Random,0.2,87.95,88.7,78.99222183227539,1.2548862445280227,162190.0,88.71,203264.0
501,Random,0.2,87.95,88.91,80.55215191841125,1.2548862445280227,162190.0,88.71,203264.0
534,Random,0.2,87.95,88.95,74.04715704917908,1.2548862445280227,162190.0,88.71,203264.0
541,Random,0.2,87.95,88.41,73.52695155143738,1.2548862445280227,162190.0,88.71,203264.0
550,Random,0.2,87.95,88.11,76.33255672454834,1.2548862445280227,162190.0,88.71,203264.0
554,Random,0.2,87.95,88.39,78.14544796943665,1.2548862445280227,162190.0,88.71,203264.0
564,Random,0.2,87.95,88.9,71.31283903121948,1.2548862445280227,162190.0,88.71,203264.0
295,Random,0.2,87.95,88.75,72.3746829032898,1.2548862445280227,162190.0,88.71,203264.0
341,Random,0.2,87.95,89.18,75.54838109016418,1.2548862445280227,162190.0,88.71,203264.0
316,Random,0.2,87.95,88.47,80.98301792144775,1.2548862445280227,162190.0,88.71,203264.0
351,Random,0.2,87.95,88.67,73.35305666923523,1.2548862445280227,162190.0,88.71,203264.0
366,Random,0.2,87.95,89.4,71.53297638893127,1.2548862445280227,162190.0,88.71,203264.0
381,Random,0.2,87.95,88.56,70.28543066978455,1.2548862445280227,162190.0,88.71,203264.0
367,Random,0.2,87.95,88.84,77.28906631469727,1.2548862445280227,162190.0,88.71,203264.0
401,Random,0.2,87.95,88.57,70.5066192150116,1.2548862445280227,162190.0,88.71,203264.0
622,Random,0.2,87.95,88.85,66.2317442893982,1.2548862445280227,162190.0,88.71,203264.0
711,Random,0.2,87.95,88.99,66.69822669029236,1.2548862445280227,162190.0,88.71,203264.0
624,Random,0.2,87.95,88.99,69.29573202133179,1.2548862445280227,162190.0,88.71,203264.0
938,Random,0.2,87.95,88.89,69.09624886512756,1.2548862445280227,162190.0,88.71,203264.0
947,Random,0.2,87.95,88.39,69.74997043609619,1.2548862445280227,162190.0,88.71,203264.0
970,Random,0.2,87.95,88.77,69.31343269348145,1.2548862445280227,162190.0,88.71,203264.0
963,Random,0.2,87.95,88.75,75.29126572608948,1.2548862445280227,162190.0,88.71,203264.0
145,Random,0.2,87.95,88.87,78.21258282661438,1.2548862445280227,162190.0,88.71,203264.0
174,Random,0.2,87.95,88.26,76.8942973613739,1.2548862445280227,162190.0,88.71,203264.0
181,Random,0.2,87.95,88.9,83.78127336502075,1.2548862445280227,162190.0,88.71,203264.0
253,Random,0.2,87.95,88.56,75.65225052833557,1.2548862445280227,162190.0,88.71,203264.0
265,Random,0.2,87.95,89.1,87.96675109863281,1.2548862445280227,162190.0,88.71,203264.0
12,Random,0.2,87.95,88.35,82.85695147514343,1.2548862445280227,162190.0,88.71,203264.0
54,Random,0.2,87.95,88.7,71.32355213165283,1.2548862445280227,162190.0,88.71,203264.0
52,Random,0.2,87.95,89.09,74.66519975662231,1.2548862445280227,162190.0,88.71,203264.0
36,Random,0.2,87.95,88.74,85.43542218208313,1.2548862445280227,162190.0,88.71,203264.0
96,Random,0.2,87.95,88.77,83.18627333641052,1.2548862445280227,162190.0,88.71,203264.0
125,Random,0.2,87.95,88.78,79.23266267776489,1.2548862445280227,162190.0,88.71,203264.0
143,Random,0.2,87.95,89.08,80.52786040306091,1.2548862445280227,162190.0,88.71,203264.0
443,Random,0.2,87.9,88.55,75.51780223846436,1.2548862445280227,162190.0,88.71,203264.0
469,Random,0.2,87.9,88.81,77.23108458518982,1.2548862445280227,162190.0,88.71,203264.0
131,Random,0.2,87.95,88.89,84.28216934204102,1.2548862445280227,162190.0,88.71,203264.0
483,Random,0.2,87.9,88.34,76.35207939147949,1.2548862445280227,162190.0,88.71,203264.0
514,Random,0.2,87.9,89.1,74.0408124923706,1.2548862445280227,162190.0,88.71,203264.0
490,Random,0.2,87.9,88.77,79.6476354598999,1.2548862445280227,162190.0,88.71,203264.0
528,Random,0.2,87.9,88.7,65.783771276474,1.2548862445280227,162190.0,88.71,203264.0
560,Random,0.2,87.9,88.91,71.37397193908691,1.2548862445280227,162190.0,88.71,203264.0
571,Random,0.2,87.9,88.81,71.11591482162476,1.2548862445280227,162190.0,88.71,203264.0
565,Random,0.2,87.9,88.53,71.8833281993866,1.2548862445280227,162190.0,88.71,203264.0
336,Random,0.2,87.9,89.02,70.87423968315125,1.2548862445280227,162190.0,88.71,203264.0
384,Random,0.2,87.9,88.76,71.547856092453,1.2548862445280227,162190.0,88.71,203264.0
409,Random,0.2,87.9,88.17,71.39390015602112,1.2548862445280227,162190.0,88.71,203264.0
576,Random,0.2,87.9,88.54,74.59705328941345,1.2548862445280227,162190.0,88.71,203264.0
678,Random,0.2,87.9,89.03,72.55210995674133,1.2548862445280227,162190.0,88.71,203264.0
697,Random,0.2,87.9,88.75,73.13681077957153,1.2548862445280227,162190.0,88.71,203264.0
694,Random,0.2,87.9,89.08,75.18705630302429,1.2548862445280227,162190.0,88.71,203264.0
698,Random,0.2,87.9,88.89,76.13371920585632,1.2548862445280227,162190.0,88.71,203264.0
895,Random,0.2,87.9,89.2,69.99703049659729,1.2548862445280227,162190.0,88.71,203264.0
931,Random,0.2,87.9,88.42,69.43266248703003,1.2548862445280227,162190.0,88.71,203264.0
964,Random,0.2,87.9,88.49,73.28909039497375,1.2548862445280227,162190.0,88.71,203264.0
144,Random,0.2,87.9,88.57,74.21974015235901,1.2548862445280227,162190.0,88.71,203264.0
165,Random,0.2,87.9,89.23,70.43133783340454,1.2548862445280227,162190.0,88.71,203264.0
158,Random,0.2,87.9,88.54,73.7662103176117,1.2548862445280227,162190.0,88.71,203264.0
193,Random,0.2,87.9,88.65,73.33253526687622,1.2548862445280227,162190.0,88.71,203264.0
254,Random,0.2,87.9,89.22,69.16609048843384,1.2548862445280227,162190.0,88.71,203264.0
220,Random,0.2,87.9,88.91,75.1325626373291,1.2548862445280227,162190.0,88.71,203264.0
258,Random,0.2,87.9,88.58,75.04560613632202,1.2548862445280227,162190.0,88.71,203264.0
264,Random,0.2,87.9,88.72,71.84344792366028,1.2548862445280227,162190.0,88.71,203264.0
721,Random,0.2,87.9,89.09,72.80141925811768,1.2548862445280227,162190.0,88.71,203264.0
729,Random,0.2,87.9,89.01,73.91504526138306,1.2548862445280227,162190.0,88.71,203264.0
741,Random,0.2,87.9,88.29,75.15354895591736,1.2548862445280227,162190.0,88.71,203264.0
777,Random,0.2,87.9,88.74,73.81187462806702,1.2548862445280227,162190.0,88.71,203264.0
750,Random,0.2,87.9,89.05,78.12969493865967,1.2548862445280227,162190.0,88.71,203264.0
787,Random,0.2,87.9,88.95,74.79692959785461,1.2548862445280227,162190.0,88.71,203264.0
455,Random,0.2,87.85,88.8,72.58279943466187,1.2548862445280227,162190.0,88.71,203264.0
547,Random,0.2,87.85,88.73,70.49736762046814,1.2548862445280227,162190.0,88.71,203264.0
811,Random,0.2,87.9,89.24,75.98343586921692,1.2548862445280227,162190.0,88.71,203264.0
380,Random,0.2,87.85,89.19,75.95250749588013,1.2548862445280227,162190.0,88.71,203264.0
636,Random,0.2,87.85,88.16,70.28552865982056,1.2548862445280227,162190.0,88.71,203264.0
399,Random,0.2,87.85,88.81,72.50066637992859,1.2548862445280227,162190.0,88.71,203264.0
688,Random,0.2,87.85,88.77,70.51572322845459,1.2548862445280227,162190.0,88.71,203264.0
670,Random,0.2,87.85,88.57,74.45816946029663,1.2548862445280227,162190.0,88.71,203264.0
643,Random,0.2,87.85,88.86,79.23978662490845,1.2548862445280227,162190.0,88.71,203264.0
656,Random,0.2,87.85,88.98,77.07972455024719,1.2548862445280227,162190.0,88.71,203264.0
878,Random,0.2,87.85,88.86,63.38344120979309,1.2548862445280227,162190.0,88.71,203264.0
703,Random,0.2,87.85,88.49,66.84323406219482,1.2548862445280227,162190.0,88.71,203264.0
692,Random,0.2,87.85,88.37,76.14508938789368,1.2548862445280227,162190.0,88.71,203264.0
890,Random,0.2,87.85,88.35,59.35367035865784,1.2548862445280227,162190.0,88.71,203264.0
936,Random,0.2,87.85,87.89,66.05161881446838,1.2548862445280227,162190.0,88.71,203264.0
995,Random,0.2,87.85,88.64,66.714191198349,1.2548862445280227,162190.0,88.71,203264.0
942,Random,0.2,87.85,88.86,73.73408651351929,1.2548862445280227,162190.0,88.71,203264.0
982,Random,0.2,87.85,88.95,73.43027114868164,1.2548862445280227,162190.0,88.71,203264.0
218,Random,0.2,87.85,89.25,75.19222259521484,1.2548862445280227,162190.0,88.71,203264.0
223,Random,0.2,87.85,89.05,73.68419027328491,1.2548862445280227,162190.0,88.71,203264.0
25,Random,0.2,87.85,88.66,54.42019295692444,1.2548862445280227,162190.0,88.71,203264.0
68,Random,0.2,87.85,89.23,50.32741451263428,1.2548862445280227,162190.0,88.71,203264.0
76,Random,0.2,87.85,88.69,49.42000603675842,1.2548862445280227,162190.0,88.71,203264.0
102,Random,0.2,87.85,88.93,67.7379195690155,1.2548862445280227,162190.0,88.71,203264.0
104,Random,0.2,87.85,88.88,67.63105773925781,1.2548862445280227,162190.0,88.71,203264.0
122,Random,0.2,87.85,88.68,72.54699444770813,1.2548862445280227,162190.0,88.71,203264.0
746,Random,0.2,87.85,88.86,46.78145170211792,1.2548862445280227,162190.0,88.71,203264.0
739,Random,0.2,87.85,88.69,74.72420334815979,1.2548862445280227,162190.0,88.71,203264.0
749,Random,0.2,87.85,88.81,47.93123936653137,1.2548862445280227,162190.0,88.71,203264.0
808,Random,0.2,87.85,88.79,49.871681451797485,1.2548862445280227,162190.0,88.71,203264.0
453,Random,0.2,87.8,88.32,69.02685403823853,1.2548862445280227,162190.0,88.71,203264.0
471,Random,0.2,87.8,88.86,69.8271222114563,1.2548862445280227,162190.0,88.71,203264.0
493,Random,0.2,87.8,89.06,55.621583700180054,1.2548862445280227,162190.0,88.71,203264.0
511,Random,0.2,87.8,88.86,59.24667263031006,1.2548862445280227,162190.0,88.71,203264.0
475,Random,0.2,87.8,88.96,74.7173068523407,1.2548862445280227,162190.0,88.71,203264.0
287,Random,0.2,87.8,88.82,62.94458222389221,1.2548862445280227,162190.0,88.71,203264.0
505,Random,0.2,87.8,88.66,71.3549427986145,1.2548862445280227,162190.0,88.71,203264.0
616,Random,0.2,87.8,89.28,53.63686537742615,1.2548862445280227,162190.0,88.71,203264.0
344,Random,0.2,87.8,89.15,65.61140060424805,1.2548862445280227,162190.0,88.71,203264.0
356,Random,0.2,87.8,88.7,68.2891058921814,1.2548862445280227,162190.0,88.71,203264.0
621,Random,0.2,87.8,88.33,62.44126629829407,1.2548862445280227,162190.0,88.71,203264.0
679,Random,0.2,87.8,88.55,61.86891961097717,1.2548862445280227,162190.0,88.71,203264.0
646,Random,0.2,87.8,88.69,68.53923511505127,1.2548862445280227,162190.0,88.71,203264.0
860,Random,0.2,87.8,89.03,69.6999740600586,1.2548862445280227,162190.0,88.71,203264.0
866,Random,0.2,87.8,89.12,66.0828628540039,1.2548862445280227,162190.0,88.71,203264.0
880,Random,0.2,87.8,88.76,60.30377793312073,1.2548862445280227,162190.0,88.71,203264.0
877,Random,0.2,87.8,88.87,64.8997483253479,1.2548862445280227,162190.0,88.71,203264.0
885,Random,0.2,87.8,88.93,64.99037909507751,1.2548862445280227,162190.0,88.71,203264.0
912,Random,0.2,87.8,88.69,56.77480697631836,1.2548862445280227,162190.0,88.71,203264.0
926,Random,0.2,87.8,88.71,59.25861430168152,1.2548862445280227,162190.0,88.71,203264.0
939,Random,0.2,87.8,88.78,71.7304208278656,1.2548862445280227,162190.0,88.71,203264.0
994,Random,0.2,87.8,88.72,48.74820137023926,1.2548862445280227,162190.0,88.71,203264.0
192,Random,0.2,87.8,88.85,44.89141082763672,1.2548862445280227,162190.0,88.71,203264.0
243,Random,0.2,87.8,88.93,46.326711654663086,1.2548862445280227,162190.0,88.71,203264.0
171,Random,0.2,87.8,89.0,67.1261248588562,1.2548862445280227,162190.0,88.71,203264.0
176,Random,0.2,87.8,88.52,75.60686707496643,1.2548862445280227,162190.0,88.71,203264.0
269,Random,0.2,87.8,89.28,70.51517033576965,1.2548862445280227,162190.0,88.71,203264.0
31,Random,0.2,87.8,89.2,48.56658625602722,1.2548862445280227,162190.0,88.71,203264.0
35,Random,0.2,87.8,88.94,47.71792674064636,1.2548862445280227,162190.0,88.71,203264.0
29,Random,0.2,87.8,88.84,72.84094381332397,1.2548862445280227,162190.0,88.71,203264.0
42,Random,0.2,87.8,88.96,46.916099548339844,1.2548862445280227,162190.0,88.71,203264.0
133,Random,0.2,87.8,88.95,45.79727506637573,1.2548862445280227,162190.0,88.71,203264.0
44,Random,0.2,87.8,88.35,70.99618601799011,1.2548862445280227,162190.0,88.71,203264.0
732,Random,0.2,87.8,88.76,45.79060697555542,1.2548862445280227,162190.0,88.71,203264.0
79,Random,0.2,87.8,88.27,75.63098001480103,1.2548862445280227,162190.0,88.71,203264.0
806,Random,0.2,87.8,88.67,45.694512367248535,1.2548862445280227,162190.0,88.71,203264.0
108,Random,0.2,87.8,88.39,68.29142785072327,1.2548862445280227,162190.0,88.71,203264.0
791,Random,0.2,87.8,88.83,69.82171869277954,1.2548862445280227,162190.0,88.71,203264.0
812,Random,0.2,87.8,89.04,47.06963539123535,1.2548862445280227,162190.0,88.71,203264.0
829,Random,0.2,87.8,88.79,49.28828024864197,1.2548862445280227,162190.0,88.71,203264.0
816,Random,0.2,87.8,88.8,71.55035877227783,1.2548862445280227,162190.0,88.71,203264.0
852,Random,0.2,87.8,88.59,57.68549704551697,1.2548862445280227,162190.0,88.71,203264.0
854,Random,0.2,87.8,88.45,62.66624450683594,1.2548862445280227,162190.0,88.71,203264.0
842,Random,0.2,87.8,88.96,72.86452865600586,1.2548862445280227,162190.0,88.71,203264.0
449,Random,0.2,87.75,88.76,63.26398730278015,1.2548862445280227,162190.0,88.71,203264.0
431,Random,0.2,87.75,88.41,70.63984513282776,1.2548862445280227,162190.0,88.71,203264.0
472,Random,0.2,87.75,88.96,68.51913952827454,1.2548862445280227,162190.0,88.71,203264.0
473,Random,0.2,87.75,88.68,71.48426055908203,1.2548862445280227,162190.0,88.71,203264.0
503,Random,0.2,87.75,88.65,73.09776282310486,1.2548862445280227,162190.0,88.71,203264.0
507,Random,0.2,87.75,88.89,68.6923611164093,1.2548862445280227,162190.0,88.71,203264.0
543,Random,0.2,87.75,89.49,72.6290135383606,1.2548862445280227,162190.0,88.71,203264.0
425,Random,0.2,87.75,88.65,59.86929154396057,1.2548862445280227,162190.0,88.71,203264.0
573,Random,0.2,87.75,88.59,75.27922630310059,1.2548862445280227,162190.0,88.71,203264.0
592,Random,0.2,87.75,88.63,58.65378403663635,1.2548862445280227,162190.0,88.71,203264.0
894,Random,0.2,87.75,88.77,60.63717842102051,1.2548862445280227,162190.0,88.71,203264.0
710,Random,0.2,87.75,88.55,72.2471969127655,1.2548862445280227,162190.0,88.71,203264.0
903,Random,0.2,87.75,88.79,67.15925645828247,1.2548862445280227,162190.0,88.71,203264.0
962,Random,0.2,87.75,89.15,61.647727966308594,1.2548862445280227,162190.0,88.71,203264.0
915,Random,0.2,87.75,88.96,72.5845685005188,1.2548862445280227,162190.0,88.71,203264.0
973,Random,0.2,87.75,88.49,71.96566653251648,1.2548862445280227,162190.0,88.71,203264.0
989,Random,0.2,87.75,88.64,69.47988200187683,1.2548862445280227,162190.0,88.71,203264.0
166,Random,0.2,87.75,89.3,63.55640268325806,1.2548862445280227,162190.0,88.71,203264.0
205,Random,0.2,87.75,88.46,58.01411557197571,1.2548862445280227,162190.0,88.71,203264.0
179,Random,0.2,87.75,88.33,68.9521415233612,1.2548862445280227,162190.0,88.71,203264.0
222,Random,0.2,87.75,89.08,56.38337182998657,1.2548862445280227,162190.0,88.71,203264.0
234,Random,0.2,87.75,88.83,69.51701998710632,1.2548862445280227,162190.0,88.71,203264.0
5,Random,0.2,87.75,88.08,45.61819887161255,1.2548862445280227,162190.0,88.71,203264.0
64,Random,0.2,87.75,88.35,47.419206619262695,1.2548862445280227,162190.0,88.71,203264.0
86,Random,0.2,87.75,89.02,54.26765847206116,1.2548862445280227,162190.0,88.71,203264.0
126,Random,0.2,87.75,89.04,47.836665630340576,1.2548862445280227,162190.0,88.71,203264.0
2,Random,0.2,87.75,88.32,76.95013284683228,1.2548862445280227,162190.0,88.71,203264.0
733,Random,0.2,87.75,88.75,45.90475249290466,1.2548862445280227,162190.0,88.71,203264.0
110,Random,0.2,87.75,88.67,75.9440336227417,1.2548862445280227,162190.0,88.71,203264.0
738,Random,0.2,87.75,89.32,47.78470206260681,1.2548862445280227,162190.0,88.71,203264.0
759,Random,0.2,87.75,88.94,45.8714656829834,1.2548862445280227,162190.0,88.71,203264.0
132,Random,0.2,87.75,88.91,74.32600402832031,1.2548862445280227,162190.0,88.71,203264.0
776,Random,0.2,87.75,88.58,52.76975178718567,1.2548862445280227,162190.0,88.71,203264.0
782,Random,0.2,87.75,88.61,73.570809841156,1.2548862445280227,162190.0,88.71,203264.0
807,Random,0.2,87.75,88.97,57.9228732585907,1.2548862445280227,162190.0,88.71,203264.0
849,Random,0.2,87.75,88.26,62.2937171459198,1.2548862445280227,162190.0,88.71,203264.0
572,Random,0.2,87.7,89.24,53.544602155685425,1.2548862445280227,162190.0,88.71,203264.0
439,Random,0.2,87.7,89.21,69.13543438911438,1.2548862445280227,162190.0,88.71,203264.0
513,Random,0.2,87.7,88.81,68.54033875465393,1.2548862445280227,162190.0,88.71,203264.0
353,Random,0.2,87.7,89.15,60.84538221359253,1.2548862445280227,162190.0,88.71,203264.0
355,Random,0.2,87.7,88.57,43.22076487541199,1.2548862445280227,162190.0,88.71,203264.0
369,Random,0.2,87.7,88.23,43.54463601112366,1.2548862445280227,162190.0,88.71,203264.0
575,Random,0.2,87.7,88.93,43.48716163635254,1.2548862445280227,162190.0,88.71,203264.0
361,Random,0.2,87.7,88.99,67.4371702671051,1.2548862445280227,162190.0,88.71,203264.0
662,Random,0.2,87.7,88.84,43.943586111068726,1.2548862445280227,162190.0,88.71,203264.0
612,Random,0.2,87.7,88.3,46.390079975128174,1.2548862445280227,162190.0,88.71,203264.0
593,Random,0.2,87.7,88.96,64.78626203536987,1.2548862445280227,162190.0,88.71,203264.0
605,Random,0.2,87.7,89.02,59.740801095962524,1.2548862445280227,162190.0,88.71,203264.0
709,Random,0.2,87.7,89.1,41.48838019371033,1.2548862445280227,162190.0,88.71,203264.0
869,Random,0.2,87.7,89.14,41.0649356842041,1.2548862445280227,162190.0,88.71,203264.0
958,Random,0.2,87.7,89.11,47.36950898170471,1.2548862445280227,162190.0,88.71,203264.0
955,Random,0.2,87.7,88.98,68.87062621116638,1.2548862445280227,162190.0,88.71,203264.0
993,Random,0.2,87.7,88.64,50.93017911911011,1.2548862445280227,162190.0,88.71,203264.0
175,Random,0.2,87.7,88.8,59.09406137466431,1.2548862445280227,162190.0,88.71,203264.0
180,Random,0.2,87.7,88.49,54.29227876663208,1.2548862445280227,162190.0,88.71,203264.0
178,Random,0.2,87.7,88.77,64.37845039367676,1.2548862445280227,162190.0,88.71,203264.0
190,Random,0.2,87.7,88.61,56.49377369880676,1.2548862445280227,162190.0,88.71,203264.0
211,Random,0.2,87.7,88.65,63.19906210899353,1.2548862445280227,162190.0,88.71,203264.0
236,Random,0.2,87.7,87.29,64.69151020050049,1.2548862445280227,162190.0,88.71,203264.0
239,Random,0.2,87.7,88.9,66.36708927154541,1.2548862445280227,162190.0,88.71,203264.0
14,Random,0.2,87.7,89.04,70.13724112510681,1.2548862445280227,162190.0,88.71,203264.0
34,Random,0.2,87.7,88.51,72.78714776039124,1.2548862445280227,162190.0,88.71,203264.0
66,Random,0.2,87.7,88.26,72.40462613105774,1.2548862445280227,162190.0,88.71,203264.0
751,Random,0.2,87.7,88.75,72.52057123184204,1.2548862445280227,162190.0,88.71,203264.0
770,Random,0.2,87.7,89.02,59.491313219070435,1.2548862445280227,162190.0,88.71,203264.0
768,Random,0.2,87.7,89.03,72.18466806411743,1.2548862445280227,162190.0,88.71,203264.0
856,Random,0.2,87.7,89.01,71.50310802459717,1.2548862445280227,162190.0,88.71,203264.0
447,Random,0.2,87.65,88.63,53.6419723033905,1.2548862445280227,162190.0,88.71,203264.0
540,Random,0.2,87.65,88.69,50.7612202167511,1.2548862445280227,162190.0,88.71,203264.0
523,Random,0.2,87.65,88.58,73.02865314483643,1.2548862445280227,162190.0,88.71,203264.0
555,Random,0.2,87.65,88.59,72.7845106124878,1.2548862445280227,162190.0,88.71,203264.0
298,Random,0.2,87.65,88.26,62.378073930740356,1.2548862445280227,162190.0,88.71,203264.0
314,Random,0.2,87.65,88.44,64.67966771125793,1.2548862445280227,162190.0,88.71,203264.0
302,Random,0.2,87.65,88.69,73.32631707191467,1.2548862445280227,162190.0,88.71,203264.0
306,Random,0.2,87.65,88.68,73.53972554206848,1.2548862445280227,162190.0,88.71,203264.0
363,Random,0.2,87.65,88.65,70.63542532920837,1.2548862445280227,162190.0,88.71,203264.0
413,Random,0.2,87.65,88.63,71.04278039932251,1.2548862445280227,162190.0,88.71,203264.0
421,Random,0.2,87.65,89.32,72.45571994781494,1.2548862445280227,162190.0,88.71,203264.0
614,Random,0.2,87.65,88.27,65.10591197013855,1.2548862445280227,162190.0,88.71,203264.0
640,Random,0.2,87.65,89.2,62.74611949920654,1.2548862445280227,162190.0,88.71,203264.0
681,Random,0.2,87.65,88.46,59.107181549072266,1.2548862445280227,162190.0,88.71,203264.0
661,Random,0.2,87.65,88.96,72.1408338546753,1.2548862445280227,162190.0,88.71,203264.0
673,Random,0.2,87.65,88.28,71.883052110672,1.2548862445280227,162190.0,88.71,203264.0
896,Random,0.2,87.65,89.02,52.92632722854614,1.2548862445280227,162190.0,88.71,203264.0
937,Random,0.2,87.65,88.6,46.53208780288696,1.2548862445280227,162190.0,88.71,203264.0
953,Random,0.2,87.65,88.39,51.4606351852417,1.2548862445280227,162190.0,88.71,203264.0
904,Random,0.2,87.65,88.97,73.98969101905823,1.2548862445280227,162190.0,88.71,203264.0
974,Random,0.2,87.65,88.53,50.303306102752686,1.2548862445280227,162190.0,88.71,203264.0
216,Random,0.2,87.65,88.88,51.24030613899231,1.2548862445280227,162190.0,88.71,203264.0
244,Random,0.2,87.65,88.13,50.61295485496521,1.2548862445280227,162190.0,88.71,203264.0
160,Random,0.2,87.65,88.75,75.35483574867249,1.2548862445280227,162190.0,88.71,203264.0
209,Random,0.2,87.65,88.89,74.45080280303955,1.2548862445280227,162190.0,88.71,203264.0
249,Random,0.2,87.65,88.75,61.885436058044434,1.2548862445280227,162190.0,88.71,203264.0
90,Random,0.2,87.65,88.23,59.524542808532715,1.2548862445280227,162190.0,88.71,203264.0
58,Random,0.2,87.65,88.93,74.16071033477783,1.2548862445280227,162190.0,88.71,203264.0
113,Random,0.2,87.65,88.78,66.36275458335876,1.2548862445280227,162190.0,88.71,203264.0
731,Random,0.2,87.65,89.13,66.1916561126709,1.2548862445280227,162190.0,88.71,203264.0
740,Random,0.2,87.65,88.9,76.6941409111023,1.2548862445280227,162190.0,88.71,203264.0
742,Random,0.2,87.65,88.94,72.77708601951599,1.2548862445280227,162190.0,88.71,203264.0
795,Random,0.2,87.65,88.5,58.244253635406494,1.2548862445280227,162190.0,88.71,203264.0
796,Random,0.2,87.65,88.67,56.529885053634644,1.2548862445280227,162190.0,88.71,203264.0
825,Random,0.2,87.65,89.06,47.44841551780701,1.2548862445280227,162190.0,88.71,203264.0
438,Random,0.2,87.6,88.7,49.15737462043762,1.2548862445280227,162190.0,88.71,203264.0
803,Random,0.2,87.65,88.69,75.16394233703613,1.2548862445280227,162190.0,88.71,203264.0
290,Random,0.2,87.6,89.11,50.16607093811035,1.2548862445280227,162190.0,88.71,203264.0
326,Random,0.2,87.6,88.67,49.10381364822388,1.2548862445280227,162190.0,88.71,203264.0
357,Random,0.2,87.6,88.91,53.946869134902954,1.2548862445280227,162190.0,88.71,203264.0
445,Random,0.2,87.6,88.85,79.1489315032959,1.2548862445280227,162190.0,88.71,203264.0
488,Random,0.2,87.6,88.91,76.37457251548767,1.2548862445280227,162190.0,88.71,203264.0
373,Random,0.2,87.6,89.09,57.82574486732483,1.2548862445280227,162190.0,88.71,203264.0
395,Random,0.2,87.6,88.56,72.23830342292786,1.2548862445280227,162190.0,88.71,203264.0
586,Random,0.2,87.6,88.86,56.30833172798157,1.2548862445280227,162190.0,88.71,203264.0
584,Random,0.2,87.6,88.83,60.97229981422424,1.2548862445280227,162190.0,88.71,203264.0
617,Random,0.2,87.6,87.95,54.98400068283081,1.2548862445280227,162190.0,88.71,203264.0
668,Random,0.2,87.6,88.47,52.98740077018738,1.2548862445280227,162190.0,88.71,203264.0
663,Random,0.2,87.6,88.86,74.5057315826416,1.2548862445280227,162190.0,88.71,203264.0
649,Random,0.2,87.6,88.68,77.94803524017334,1.2548862445280227,162190.0,88.71,203264.0
706,Random,0.2,87.6,88.85,60.6817901134491,1.2548862445280227,162190.0,88.71,203264.0
893,Random,0.2,87.6,88.77,59.75054979324341,1.2548862445280227,162190.0,88.71,203264.0
701,Random,0.2,87.6,88.86,74.16875958442688,1.2548862445280227,162190.0,88.71,203264.0
909,Random,0.2,87.6,88.19,58.02792811393738,1.2548862445280227,162190.0,88.71,203264.0
951,Random,0.2,87.6,88.83,52.987688064575195,1.2548862445280227,162190.0,88.71,203264.0
155,Random,0.2,87.6,88.81,46.004040479660034,1.2548862445280227,162190.0,88.71,203264.0
197,Random,0.2,87.6,88.81,48.075170278549194,1.2548862445280227,162190.0,88.71,203264.0
969,Random,0.2,87.6,88.94,74.3469557762146,1.2548862445280227,162190.0,88.71,203264.0
979,Random,0.2,87.6,89.02,72.87233400344849,1.2548862445280227,162190.0,88.71,203264.0
251,Random,0.2,87.6,88.63,46.858763456344604,1.2548862445280227,162190.0,88.71,203264.0
271,Random,0.2,87.6,88.63,48.07838225364685,1.2548862445280227,162190.0,88.71,203264.0
214,Random,0.2,87.6,89.01,74.08935904502869,1.2548862445280227,162190.0,88.71,203264.0
272,Random,0.2,87.6,88.72,50.079275608062744,1.2548862445280227,162190.0,88.71,203264.0
13,Random,0.2,87.6,88.7,52.889888763427734,1.2548862445280227,162190.0,88.71,203264.0
88,Random,0.2,87.6,88.38,55.76953148841858,1.2548862445280227,162190.0,88.71,203264.0
30,Random,0.2,87.6,88.76,75.20729470252991,1.2548862445280227,162190.0,88.71,203264.0
38,Random,0.2,87.6,89.27,79.73913478851318,1.2548862445280227,162190.0,88.71,203264.0
130,Random,0.2,87.6,88.3,59.769127368927,1.2548862445280227,162190.0,88.71,203264.0
846,Random,0.2,87.6,88.7,58.38156223297119,1.2548862445280227,162190.0,88.71,203264.0
736,Random,0.2,87.6,89.37,72.98812937736511,1.2548862445280227,162190.0,88.71,203264.0
466,Random,0.2,87.55,88.52,57.36913514137268,1.2548862445280227,162190.0,88.71,203264.0
467,Random,0.2,87.55,88.83,51.09199333190918,1.2548862445280227,162190.0,88.71,203264.0
562,Random,0.2,87.55,88.27,44.65482544898987,1.2548862445280227,162190.0,88.71,203264.0
476,Random,0.2,87.55,88.85,54.09827518463135,1.2548862445280227,162190.0,88.71,203264.0
327,Random,0.2,87.55,88.97,54.272377729415894,1.2548862445280227,162190.0,88.71,203264.0
489,Random,0.2,87.55,89.18,78.55440974235535,1.2548862445280227,162190.0,88.71,203264.0
362,Random,0.2,87.55,88.34,58.79684638977051,1.2548862445280227,162190.0,88.71,203264.0
398,Random,0.2,87.55,89.12,61.54805064201355,1.2548862445280227,162190.0,88.71,203264.0
340,Random,0.2,87.55,89.04,75.2466037273407,1.2548862445280227,162190.0,88.71,203264.0
419,Random,0.2,87.55,88.81,62.16233706474304,1.2548862445280227,162190.0,88.71,203264.0
426,Random,0.2,87.55,88.49,62.64407300949097,1.2548862445280227,162190.0,88.71,203264.0
585,Random,0.2,87.55,88.77,53.823115825653076,1.2548862445280227,162190.0,88.71,203264.0
630,Random,0.2,87.55,88.83,52.55868983268738,1.2548862445280227,162190.0,88.71,203264.0
631,Random,0.2,87.55,88.51,50.30384540557861,1.2548862445280227,162190.0,88.71,203264.0
603,Random,0.2,87.55,88.82,76.04107165336609,1.2548862445280227,162190.0,88.71,203264.0
921,Random,0.2,87.55,88.65,53.93076419830322,1.2548862445280227,162190.0,88.71,203264.0
151,Random,0.2,87.55,88.45,58.430095195770264,1.2548862445280227,162190.0,88.71,203264.0
874,Random,0.2,87.55,89.18,73.33003211021423,1.2548862445280227,162190.0,88.71,203264.0
240,Random,0.2,87.55,88.92,58.545459032058716,1.2548862445280227,162190.0,88.71,203264.0
17,Random,0.2,87.55,88.65,58.004658699035645,1.2548862445280227,162190.0,88.71,203264.0
717,Random,0.2,87.55,89.03,55.22154712677002,1.2548862445280227,162190.0,88.71,203264.0
814,Random,0.2,87.55,88.36,49.160789251327515,1.2548862445280227,162190.0,88.71,203264.0
817,Random,0.2,87.55,88.64,47.50835061073303,1.2548862445280227,162190.0,88.71,203264.0
744,Random,0.2,87.55,88.51,73.5512580871582,1.2548862445280227,162190.0,88.71,203264.0
512,Random,0.2,87.5,88.99,49.20579957962036,1.2548862445280227,162190.0,88.71,203264.0
448,Random,0.2,87.5,88.18,73.8073399066925,1.2548862445280227,162190.0,88.71,203264.0
518,Random,0.2,87.5,88.92,51.189311027526855,1.2548862445280227,162190.0,88.71,203264.0
296,Random,0.2,87.5,88.99,50.48910856246948,1.2548862445280227,162190.0,88.71,203264.0
309,Random,0.2,87.5,88.45,53.013808727264404,1.2548862445280227,162190.0,88.71,203264.0
315,Random,0.2,87.5,88.5,51.68295955657959,1.2548862445280227,162190.0,88.71,203264.0
335,Random,0.2,87.5,88.51,55.33544397354126,1.2548862445280227,162190.0,88.71,203264.0
329,Random,0.2,87.5,88.97,76.31833720207214,1.2548862445280227,162190.0,88.71,203264.0
626,Random,0.2,87.5,89.14,61.68317890167236,1.2548862445280227,162190.0,88.71,203264.0
647,Random,0.2,87.5,88.72,61.37787985801697,1.2548862445280227,162190.0,88.71,203264.0
599,Random,0.2,87.5,89.15,71.35206842422485,1.2548862445280227,162190.0,88.71,203264.0
665,Random,0.2,87.5,88.88,59.09845852851868,1.2548862445280227,162190.0,88.71,203264.0
700,Random,0.2,87.5,88.9,57.67239451408386,1.2548862445280227,162190.0,88.71,203264.0
712,Random,0.2,87.5,88.26,49.586591720581055,1.2548862445280227,162190.0,88.71,203264.0
966,Random,0.2,87.5,88.53,46.85201048851013,1.2548862445280227,162190.0,88.71,203264.0
156,Random,0.2,87.5,88.72,46.98721885681152,1.2548862445280227,162190.0,88.71,203264.0
210,Random,0.2,87.5,89.13,45.14265513420105,1.2548862445280227,162190.0,88.71,203264.0
246,Random,0.2,87.5,88.87,49.00395321846008,1.2548862445280227,162190.0,88.71,203264.0
911,Random,0.2,87.5,88.52,74.49997019767761,1.2548862445280227,162190.0,88.71,203264.0
208,Random,0.2,87.5,88.59,75.82246899604797,1.2548862445280227,162190.0,88.71,203264.0
255,Random,0.2,87.5,88.1,51.5354220867157,1.2548862445280227,162190.0,88.71,203264.0
11,Random,0.2,87.5,88.93,52.92928862571716,1.2548862445280227,162190.0,88.71,203264.0
40,Random,0.2,87.5,88.77,51.643094301223755,1.2548862445280227,162190.0,88.71,203264.0
45,Random,0.2,87.5,88.7,52.7511887550354,1.2548862445280227,162190.0,88.71,203264.0
48,Random,0.2,87.5,88.3,49.55416941642761,1.2548862445280227,162190.0,88.71,203264.0
105,Random,0.2,87.5,89.16,47.322840452194214,1.2548862445280227,162190.0,88.71,203264.0
80,Random,0.2,87.5,88.89,71.9011287689209,1.2548862445280227,162190.0,88.71,203264.0
138,Random,0.2,87.5,88.57,47.702351570129395,1.2548862445280227,162190.0,88.71,203264.0
754,Random,0.2,87.5,88.94,45.420037031173706,1.2548862445280227,162190.0,88.71,203264.0
823,Random,0.2,87.5,89.05,45.25430655479431,1.2548862445280227,162190.0,88.71,203264.0
101,Random,0.2,87.5,88.47,72.54716515541077,1.2548862445280227,162190.0,88.71,203264.0
458,Random,0.2,87.45,89.05,45.07234263420105,1.2548862445280227,162190.0,88.71,203264.0
460,Random,0.2,87.45,88.85,46.9754683971405,1.2548862445280227,162190.0,88.71,203264.0
305,Random,0.2,87.45,88.99,47.459861755371094,1.2548862445280227,162190.0,88.71,203264.0
517,Random,0.2,87.45,88.31,50.0863995552063,1.2548862445280227,162190.0,88.71,203264.0
308,Random,0.2,87.45,88.57,48.67059516906738,1.2548862445280227,162190.0,88.71,203264.0
588,Random,0.2,87.45,88.08,48.884573459625244,1.2548862445280227,162190.0,88.71,203264.0
496,Random,0.2,87.45,89.33,71.51842164993286,1.2548862445280227,162190.0,88.71,203264.0
313,Random,0.2,87.45,88.96,66.06084704399109,1.2548862445280227,162190.0,88.71,203264.0
623,Random,0.2,87.45,88.97,47.95232844352722,1.2548862445280227,162190.0,88.71,203264.0
891,Random,0.2,87.45,89.25,48.15533518791199,1.2548862445280227,162190.0,88.71,203264.0
927,Random,0.2,87.45,88.81,49.215667724609375,1.2548862445280227,162190.0,88.71,203264.0
967,Random,0.2,87.45,87.77,48.50176405906677,1.2548862445280227,162190.0,88.71,203264.0
976,Random,0.2,87.45,88.58,47.15451455116272,1.2548862445280227,162190.0,88.71,203264.0
186,Random,0.2,87.45,88.79,50.25380539894104,1.2548862445280227,162190.0,88.71,203264.0
984,Random,0.2,87.45,88.3,75.28053641319275,1.2548862445280227,162190.0,88.71,203264.0
183,Random,0.2,87.45,88.69,77.01509642601013,1.2548862445280227,162190.0,88.71,203264.0
206,Random,0.2,87.45,88.49,57.74890446662903,1.2548862445280227,162190.0,88.71,203264.0
225,Random,0.2,87.45,89.16,64.26540422439575,1.2548862445280227,162190.0,88.71,203264.0
229,Random,0.2,87.45,88.39,65.7323796749115,1.2548862445280227,162190.0,88.71,203264.0
252,Random,0.2,87.45,88.78,63.24268126487732,1.2548862445280227,162190.0,88.71,203264.0
283,Random,0.2,87.45,88.74,68.85550570487976,1.2548862445280227,162190.0,88.71,203264.0
82,Random,0.2,87.45,88.74,71.92958736419678,1.2548862445280227,162190.0,88.71,203264.0
752,Random,0.2,87.45,89.09,55.50816321372986,1.2548862445280227,162190.0,88.71,203264.0
775,Random,0.2,87.45,88.83,53.67556118965149,1.2548862445280227,162190.0,88.71,203264.0
839,Random,0.2,87.45,88.52,49.61994981765747,1.2548862445280227,162190.0,88.71,203264.0
804,Random,0.2,87.45,88.67,51.80866241455078,1.2548862445280227,162190.0,88.71,203264.0
109,Random,0.2,87.45,89.04,72.5619466304779,1.2548862445280227,162190.0,88.71,203264.0
470,Random,0.2,87.4,88.6,45.29841899871826,1.2548862445280227,162190.0,88.71,203264.0
847,Random,0.2,87.45,89.15,65.81176614761353,1.2548862445280227,162190.0,88.71,203264.0
552,Random,0.2,87.4,88.74,47.729453325271606,1.2548862445280227,162190.0,88.71,203264.0
566,Random,0.2,87.4,88.78,45.90605425834656,1.2548862445280227,162190.0,88.71,203264.0
391,Random,0.2,87.4,89.14,47.32233452796936,1.2548862445280227,162190.0,88.71,203264.0
432,Random,0.2,87.4,88.83,75.7717342376709,1.2548862445280227,162190.0,88.71,203264.0
602,Random,0.2,87.4,88.35,73.44171094894409,1.2548862445280227,162190.0,88.71,203264.0
637,Random,0.2,87.4,89.06,43.89336943626404,1.2548862445280227,162190.0,88.71,203264.0
870,Random,0.2,87.4,87.65,44.41994023323059,1.2548862445280227,162190.0,88.71,203264.0
946,Random,0.2,87.4,88.38,43.92693638801575,1.2548862445280227,162190.0,88.71,203264.0
892,Random,0.2,87.4,89.16,50.064796686172485,1.2548862445280227,162190.0,88.71,203264.0
957,Random,0.2,87.4,88.47,51.742929220199585,1.2548862445280227,162190.0,88.71,203264.0
153,Random,0.2,87.4,88.66,72.3431396484375,1.2548862445280227,162190.0,88.71,203264.0
201,Random,0.2,87.4,88.81,65.75370812416077,1.2548862445280227,162190.0,88.71,203264.0
194,Random,0.2,87.4,88.32,74.11118984222412,1.2548862445280227,162190.0,88.71,203264.0
259,Random,0.2,87.4,88.9,67.66019368171692,1.2548862445280227,162190.0,88.71,203264.0
207,Random,0.2,87.4,88.67,69.19134759902954,1.2548862445280227,162190.0,88.71,203264.0
20,Random,0.2,87.4,89.21,65.60087370872498,1.2548862445280227,162190.0,88.71,203264.0
26,Random,0.2,87.4,88.84,67.54841709136963,1.2548862445280227,162190.0,88.71,203264.0
85,Random,0.2,87.4,88.46,73.93127012252808,1.2548862445280227,162190.0,88.71,203264.0
128,Random,0.2,87.4,89.2,70.06978797912598,1.2548862445280227,162190.0,88.71,203264.0
757,Random,0.2,87.4,89.06,73.10190343856812,1.2548862445280227,162190.0,88.71,203264.0
783,Random,0.2,87.4,88.3,70.71076154708862,1.2548862445280227,162190.0,88.71,203264.0
833,Random,0.2,87.4,88.69,70.96463060379028,1.2548862445280227,162190.0,88.71,203264.0
454,Random,0.2,87.35,88.98,70.85538625717163,1.2548862445280227,162190.0,88.71,203264.0
485,Random,0.2,87.35,89.03,71.57838559150696,1.2548862445280227,162190.0,88.71,203264.0
535,Random,0.2,87.35,88.28,63.363877296447754,1.2548862445280227,162190.0,88.71,203264.0
533,Random,0.2,87.35,88.93,74.03798532485962,1.2548862445280227,162190.0,88.71,203264.0
304,Random,0.2,87.35,89.02,63.693952560424805,1.2548862445280227,162190.0,88.71,203264.0
412,Random,0.2,87.35,89.07,64.38446164131165,1.2548862445280227,162190.0,88.71,203264.0
632,Random,0.2,87.35,88.89,62.567203521728516,1.2548862445280227,162190.0,88.71,203264.0
699,Random,0.2,87.35,89.11,57.51610088348389,1.2548862445280227,162190.0,88.71,203264.0
559,Random,0.2,87.35,89.23,76.50691175460815,1.2548862445280227,162190.0,88.71,203264.0
859,Random,0.2,87.35,88.7,62.19710326194763,1.2548862445280227,162190.0,88.71,203264.0
900,Random,0.2,87.35,89.04,74.249032497406,1.2548862445280227,162190.0,88.71,203264.0
268,Random,0.2,87.35,88.89,68.60444617271423,1.2548862445280227,162190.0,88.71,203264.0
971,Random,0.2,87.35,88.99,74.1379132270813,1.2548862445280227,162190.0,88.71,203264.0
27,Random,0.2,87.35,88.56,70.08544898033142,1.2548862445280227,162190.0,88.71,203264.0
72,Random,0.2,87.35,89.13,71.14020490646362,1.2548862445280227,162190.0,88.71,203264.0
716,Random,0.2,87.35,88.32,70.8313057422638,1.2548862445280227,162190.0,88.71,203264.0
730,Random,0.2,87.35,88.68,77.9794089794159,1.2548862445280227,162190.0,88.71,203264.0
790,Random,0.2,87.35,89.06,70.63989734649658,1.2548862445280227,162190.0,88.71,203264.0
771,Random,0.2,87.35,88.84,72.62677669525146,1.2548862445280227,162190.0,88.71,203264.0
835,Random,0.2,87.35,88.71,71.95505166053772,1.2548862445280227,162190.0,88.71,203264.0
348,Random,0.2,87.3,89.28,67.63927364349365,1.2548862445280227,162190.0,88.71,203264.0
495,Random,0.2,87.3,88.5,73.00927829742432,1.2548862445280227,162190.0,88.71,203264.0
519,Random,0.2,87.3,88.43,72.83941745758057,1.2548862445280227,162190.0,88.71,203264.0
372,Random,0.2,87.3,88.59,56.49173331260681,1.2548862445280227,162190.0,88.71,203264.0
383,Random,0.2,87.3,88.67,49.534428119659424,1.2548862445280227,162190.0,88.71,203264.0
596,Random,0.2,87.3,88.2,47.271307945251465,1.2548862445280227,162190.0,88.71,203264.0
907,Random,0.2,87.3,88.83,45.779836654663086,1.2548862445280227,162190.0,88.71,203264.0
687,Random,0.2,87.3,89.11,51.034666538238525,1.2548862445280227,162190.0,88.71,203264.0
574,Random,0.2,87.3,88.57,72.81118941307068,1.2548862445280227,162190.0,88.71,203264.0
672,Random,0.2,87.3,88.07,68.44261741638184,1.2548862445280227,162190.0,88.71,203264.0
150,Random,0.2,87.3,88.61,45.59416222572327,1.2548862445280227,162190.0,88.71,203264.0
230,Random,0.2,87.3,88.97,44.70560026168823,1.2548862445280227,162190.0,88.71,203264.0
241,Random,0.2,87.3,88.88,45.514209270477295,1.2548862445280227,162190.0,88.71,203264.0
242,Random,0.2,87.3,88.75,45.16981625556946,1.2548862445280227,162190.0,88.71,203264.0
279,Random,0.2,87.3,88.48,48.16998505592346,1.2548862445280227,162190.0,88.71,203264.0
61,Random,0.2,87.3,88.8,45.06408667564392,1.2548862445280227,162190.0,88.71,203264.0
430,Random,0.2,87.25,89.01,44.226043701171875,1.2548862445280227,162190.0,88.71,203264.0
516,Random,0.2,87.25,88.81,44.74469041824341,1.2548862445280227,162190.0,88.71,203264.0
294,Random,0.2,87.25,88.98,44.60954999923706,1.2548862445280227,162190.0,88.71,203264.0
33,Random,0.2,87.3,88.23,75.50867128372192,1.2548862445280227,162190.0,88.71,203264.0
349,Random,0.2,87.25,88.52,45.71201252937317,1.2548862445280227,162190.0,88.71,203264.0
46,Random,0.2,87.3,88.71,79.20152878761292,1.2548862445280227,162190.0,88.71,203264.0
385,Random,0.2,87.25,88.87,44.37028884887695,1.2548862445280227,162190.0,88.71,203264.0
427,Random,0.2,87.25,88.87,43.07301735877991,1.2548862445280227,162190.0,88.71,203264.0
615,Random,0.2,87.25,89.18,42.85531497001648,1.2548862445280227,162190.0,88.71,203264.0
676,Random,0.2,87.25,88.32,44.30369687080383,1.2548862445280227,162190.0,88.71,203264.0
147,Random,0.2,87.25,88.48,50.277825593948364,1.2548862445280227,162190.0,88.71,203264.0
913,Random,0.2,87.25,88.73,73.45356559753418,1.2548862445280227,162190.0,88.71,203264.0
247,Random,0.2,87.25,88.79,71.60258746147156,1.2548862445280227,162190.0,88.71,203264.0
9,Random,0.2,87.25,88.59,66.29248666763306,1.2548862445280227,162190.0,88.71,203264.0
70,Random,0.2,87.25,88.32,67.92312502861023,1.2548862445280227,162190.0,88.71,203264.0
119,Random,0.2,87.25,89.18,71.51516938209534,1.2548862445280227,162190.0,88.71,203264.0
737,Random,0.2,87.25,89.1,67.98049330711365,1.2548862445280227,162190.0,88.71,203264.0
827,Random,0.2,87.25,88.66,70.57869815826416,1.2548862445280227,162190.0,88.71,203264.0
544,Random,0.2,87.2,89.07,66.79700231552124,1.2548862445280227,162190.0,88.71,203264.0
532,Random,0.2,87.2,88.43,70.92403984069824,1.2548862445280227,162190.0,88.71,203264.0
549,Random,0.2,87.2,88.81,61.584261417388916,1.2548862445280227,162190.0,88.71,203264.0
337,Random,0.2,87.2,88.4,60.97422242164612,1.2548862445280227,162190.0,88.71,203264.0
577,Random,0.2,87.2,88.8,58.62386417388916,1.2548862445280227,162190.0,88.71,203264.0
417,Random,0.2,87.2,89.02,61.670814037323,1.2548862445280227,162190.0,88.71,203264.0
583,Random,0.2,87.2,88.03,53.23068833351135,1.2548862445280227,162190.0,88.71,203264.0
774,Random,0.2,87.2,88.81,44.802215814590454,1.2548862445280227,162190.0,88.71,203264.0
789,Random,0.2,87.2,88.8,47.9346559047699,1.2548862445280227,162190.0,88.71,203264.0
159,Random,0.2,87.2,88.63,72.90703177452087,1.2548862445280227,162190.0,88.71,203264.0
908,Random,0.2,87.2,88.87,74.94939994812012,1.2548862445280227,162190.0,88.71,203264.0
815,Random,0.2,87.2,88.89,52.98518180847168,1.2548862445280227,162190.0,88.71,203264.0
461,Random,0.2,87.15,88.98,57.67124009132385,1.2548862445280227,162190.0,88.71,203264.0
465,Random,0.2,87.15,89.03,59.41417574882507,1.2548862445280227,162190.0,88.71,203264.0
320,Random,0.2,87.15,88.64,70.0847864151001,1.2548862445280227,162190.0,88.71,203264.0
538,Random,0.2,87.15,87.97,77.49311351776123,1.2548862445280227,162190.0,88.71,203264.0
403,Random,0.2,87.15,89.13,65.10428166389465,1.2548862445280227,162190.0,88.71,203264.0
376,Random,0.2,87.15,88.73,72.29959630966187,1.2548862445280227,162190.0,88.71,203264.0
641,Random,0.2,87.15,89.03,72.06031584739685,1.2548862445280227,162190.0,88.71,203264.0
876,Random,0.2,87.15,88.86,70.82092809677124,1.2548862445280227,162190.0,88.71,203264.0
981,Random,0.2,87.15,88.52,71.16788578033447,1.2548862445280227,162190.0,88.71,203264.0
468,Random,0.2,87.1,88.67,58.693867683410645,1.2548862445280227,162190.0,88.71,203264.0
831,Random,0.2,87.15,88.79,70.67645359039307,1.2548862445280227,162190.0,88.71,203264.0
446,Random,0.2,87.1,88.7,70.99405097961426,1.2548862445280227,162190.0,88.71,203264.0
321,Random,0.2,87.1,88.96,63.47740864753723,1.2548862445280227,162190.0,88.71,203264.0
333,Random,0.2,87.1,88.39,71.20394730567932,1.2548862445280227,162190.0,88.71,203264.0
657,Random,0.2,87.1,88.31,72.13499093055725,1.2548862445280227,162190.0,88.71,203264.0
671,Random,0.2,87.1,89.08,70.70975375175476,1.2548862445280227,162190.0,88.71,203264.0
691,Random,0.2,87.1,89.05,58.744078159332275,1.2548862445280227,162190.0,88.71,203264.0
991,Random,0.2,87.1,89.02,70.52126955986023,1.2548862445280227,162190.0,88.71,203264.0
899,Random,0.2,87.1,88.74,73.52235817909241,1.2548862445280227,162190.0,88.71,203264.0
917,Random,0.2,87.1,89.05,73.08515357971191,1.2548862445280227,162190.0,88.71,203264.0
163,Random,0.2,87.1,88.58,70.27690005302429,1.2548862445280227,162190.0,88.71,203264.0
185,Random,0.2,87.1,88.9,71.43666863441467,1.2548862445280227,162190.0,88.71,203264.0
215,Random,0.2,87.1,88.79,68.38510370254517,1.2548862445280227,162190.0,88.71,203264.0
267,Random,0.2,87.1,88.82,76.65430665016174,1.2548862445280227,162190.0,88.71,203264.0
813,Random,0.2,87.1,89.25,70.24253225326538,1.2548862445280227,162190.0,88.71,203264.0
291,Random,0.2,87.05,89.0,70.52939677238464,1.2548862445280227,162190.0,88.71,203264.0
277,Random,0.2,87.1,88.64,73.3627417087555,1.2548862445280227,162190.0,88.71,203264.0
323,Random,0.2,87.05,88.34,68.3049201965332,1.2548862445280227,162190.0,88.71,203264.0
354,Random,0.2,87.05,88.55,70.274169921875,1.2548862445280227,162190.0,88.71,203264.0
705,Random,0.2,87.05,88.38,70.44353437423706,1.2548862445280227,162190.0,88.71,203264.0
898,Random,0.2,87.05,89.18,71.6653184890747,1.2548862445280227,162190.0,88.71,203264.0
152,Random,0.2,87.05,89.08,68.52975630760193,1.2548862445280227,162190.0,88.71,203264.0
972,Random,0.2,87.05,88.38,70.59396815299988,1.2548862445280227,162190.0,88.71,203264.0
256,Random,0.2,87.05,88.58,67.04631280899048,1.2548862445280227,162190.0,88.71,203264.0
187,Random,0.2,87.05,88.57,78.47888731956482,1.2548862445280227,162190.0,88.71,203264.0
280,Random,0.2,87.05,88.64,70.51808667182922,1.2548862445280227,162190.0,88.71,203264.0
747,Random,0.2,87.05,88.41,70.86506962776184,1.2548862445280227,162190.0,88.71,203264.0
851,Random,0.2,87.05,88.43,73.52918934822083,1.2548862445280227,162190.0,88.71,203264.0
857,Random,0.2,87.05,88.73,68.19835495948792,1.2548862445280227,162190.0,88.71,203264.0
502,Random,0.2,87.0,88.8,69.30659508705139,1.2548862445280227,162190.0,88.71,203264.0
527,Random,0.2,87.0,88.69,67.3627941608429,1.2548862445280227,162190.0,88.71,203264.0
388,Random,0.2,87.0,88.85,73.52893996238708,1.2548862445280227,162190.0,88.71,203264.0
400,Random,0.2,87.0,88.43,65.40498995780945,1.2548862445280227,162190.0,88.71,203264.0
410,Random,0.2,87.0,88.82,61.9638671875,1.2548862445280227,162190.0,88.71,203264.0
934,Random,0.2,87.0,88.57,55.10182166099548,1.2548862445280227,162190.0,88.71,203264.0
961,Random,0.2,87.0,89.02,56.086108684539795,1.2548862445280227,162190.0,88.71,203264.0
996,Random,0.2,87.0,87.49,55.5109760761261,1.2548862445280227,162190.0,88.71,203264.0
680,Random,0.2,87.0,88.85,70.84103965759277,1.2548862445280227,162190.0,88.71,203264.0
41,Random,0.2,87.0,88.91,51.6690309047699,1.2548862445280227,162190.0,88.71,203264.0
23,Random,0.2,87.0,89.08,53.47024965286255,1.2548862445280227,162190.0,88.71,203264.0
15,Random,0.2,87.0,88.59,76.41617274284363,1.2548862445280227,162190.0,88.71,203264.0
91,Random,0.2,87.0,88.58,48.75381946563721,1.2548862445280227,162190.0,88.71,203264.0
115,Random,0.2,87.0,88.43,47.45361566543579,1.2548862445280227,162190.0,88.71,203264.0
720,Random,0.2,87.0,88.44,46.465474367141724,1.2548862445280227,162190.0,88.71,203264.0
441,Random,0.2,86.95,88.96,47.82122755050659,1.2548862445280227,162190.0,88.71,203264.0
300,Random,0.2,86.95,88.26,47.35847067832947,1.2548862445280227,162190.0,88.71,203264.0
819,Random,0.2,87.0,88.81,76.14951276779175,1.2548862445280227,162190.0,88.71,203264.0
581,Random,0.2,86.95,89.06,45.13286209106445,1.2548862445280227,162190.0,88.71,203264.0
609,Random,0.2,86.95,89.22,46.30335831642151,1.2548862445280227,162190.0,88.71,203264.0
659,Random,0.2,86.95,88.01,44.99527668952942,1.2548862445280227,162190.0,88.71,203264.0
389,Random,0.2,86.95,87.9,75.2089216709137,1.2548862445280227,162190.0,88.71,203264.0
182,Random,0.2,86.95,88.92,52.5055935382843,1.2548862445280227,162190.0,88.71,203264.0
975,Random,0.2,86.95,88.77,56.31744432449341,1.2548862445280227,162190.0,88.71,203264.0
224,Random,0.2,86.95,88.89,58.69480562210083,1.2548862445280227,162190.0,88.71,203264.0
273,Random,0.2,86.95,89.07,58.66604781150818,1.2548862445280227,162190.0,88.71,203264.0
184,Random,0.2,86.95,88.73,71.53415036201477,1.2548862445280227,162190.0,88.71,203264.0
6,Random,0.2,86.95,88.7,58.6041784286499,1.2548862445280227,162190.0,88.71,203264.0
484,Random,0.2,86.9,89.18,51.155906200408936,1.2548862445280227,162190.0,88.71,203264.0
504,Random,0.2,86.9,88.79,50.72902822494507,1.2548862445280227,162190.0,88.71,203264.0
139,Random,0.2,86.95,89.28,74.8908462524414,1.2548862445280227,162190.0,88.71,203264.0
563,Random,0.2,86.9,88.98,48.61211800575256,1.2548862445280227,162190.0,88.71,203264.0
600,Random,0.2,86.9,88.47,52.101409673690796,1.2548862445280227,162190.0,88.71,203264.0
914,Random,0.2,86.9,87.99,53.68221616744995,1.2548862445280227,162190.0,88.71,203264.0
16,Random,0.2,86.9,88.81,57.819886207580566,1.2548862445280227,162190.0,88.71,203264.0
684,Random,0.2,86.9,88.97,71.42730593681335,1.2548862445280227,162190.0,88.71,203264.0
100,Random,0.2,86.9,88.59,60.48622226715088,1.2548862445280227,162190.0,88.71,203264.0
848,Random,0.2,86.9,88.82,55.100046157836914,1.2548862445280227,162190.0,88.71,203264.0
510,Random,0.2,86.85,88.53,52.24841070175171,1.2548862445280227,162190.0,88.71,203264.0
521,Random,0.2,86.85,88.65,49.60624623298645,1.2548862445280227,162190.0,88.71,203264.0
805,Random,0.2,86.9,88.49,78.27291345596313,1.2548862445280227,162190.0,88.71,203264.0
322,Random,0.2,86.85,88.8,47.040138721466064,1.2548862445280227,162190.0,88.71,203264.0
117,Random,0.2,86.85,89.09,50.23672914505005,1.2548862445280227,162190.0,88.71,203264.0
728,Random,0.2,86.85,88.34,46.26241421699524,1.2548862445280227,162190.0,88.71,203264.0
950,Random,0.2,86.85,89.11,73.55245351791382,1.2548862445280227,162190.0,88.71,203264.0
553,Random,0.2,86.8,88.8,46.556530237197876,1.2548862445280227,162190.0,88.71,203264.0
310,Random,0.2,86.8,88.71,45.417415142059326,1.2548862445280227,162190.0,88.71,203264.0
411,Random,0.2,86.8,88.76,46.510839223861694,1.2548862445280227,162190.0,88.71,203264.0
587,Random,0.2,86.8,88.46,49.60589575767517,1.2548862445280227,162190.0,88.71,203264.0
377,Random,0.2,86.8,89.06,69.00150656700134,1.2548862445280227,162190.0,88.71,203264.0
634,Random,0.2,86.8,88.78,49.86683964729309,1.2548862445280227,162190.0,88.71,203264.0
978,Random,0.2,86.8,88.98,49.545905113220215,1.2548862445280227,162190.0,88.71,203264.0
906,Random,0.2,86.8,88.82,52.345407009124756,1.2548862445280227,162190.0,88.71,203264.0
666,Random,0.2,86.8,89.07,72.39647436141968,1.2548862445280227,162190.0,88.71,203264.0
248,Random,0.2,86.8,89.25,54.178471088409424,1.2548862445280227,162190.0,88.71,203264.0
121,Random,0.2,86.8,88.66,56.72374677658081,1.2548862445280227,162190.0,88.71,203264.0
324,Random,0.2,86.75,89.24,54.13318729400635,1.2548862445280227,162190.0,88.71,203264.0
480,Random,0.2,86.75,88.64,73.51996970176697,1.2548862445280227,162190.0,88.71,203264.0
943,Random,0.2,86.75,88.98,54.43824505805969,1.2548862445280227,162190.0,88.71,203264.0
959,Random,0.2,86.75,89.2,58.019960165023804,1.2548862445280227,162190.0,88.71,203264.0
219,Random,0.2,86.75,89.28,65.79345154762268,1.2548862445280227,162190.0,88.71,203264.0
986,Random,0.2,86.75,88.88,76.06760907173157,1.2548862445280227,162190.0,88.71,203264.0
107,Random,0.2,86.75,88.38,62.27840495109558,1.2548862445280227,162190.0,88.71,203264.0
579,Random,0.2,86.7,89.24,60.376184940338135,1.2548862445280227,162190.0,88.71,203264.0
644,Random,0.2,86.7,88.98,59.27025103569031,1.2548862445280227,162190.0,88.71,203264.0
873,Random,0.2,86.7,88.53,62.25429558753967,1.2548862445280227,162190.0,88.71,203264.0
608,Random,0.2,86.7,88.18,71.03629493713379,1.2548862445280227,162190.0,88.71,203264.0
888,Random,0.2,86.7,88.58,57.994858741760254,1.2548862445280227,162190.0,88.71,203264.0
57,Random,0.2,86.7,88.04,49.081467628479004,1.2548862445280227,162190.0,88.71,203264.0
960,Random,0.2,86.7,88.76,70.6847915649414,1.2548862445280227,162190.0,88.71,203264.0
767,Random,0.2,86.7,88.71,53.36498403549194,1.2548862445280227,162190.0,88.71,203264.0
557,Random,0.2,86.65,88.57,56.53188896179199,1.2548862445280227,162190.0,88.71,203264.0
289,Random,0.2,86.65,88.87,64.68418550491333,1.2548862445280227,162190.0,88.71,203264.0
331,Random,0.2,86.65,88.27,63.533101081848145,1.2548862445280227,162190.0,88.71,203264.0
405,Random,0.2,86.65,88.36,64.66170144081116,1.2548862445280227,162190.0,88.71,203264.0
868,Random,0.2,86.65,88.97,65.08737277984619,1.2548862445280227,162190.0,88.71,203264.0
67,Random,0.2,86.65,87.45,60.879916191101074,1.2548862445280227,162190.0,88.71,203264.0
800,Random,0.2,86.65,89.07,56.54912185668945,1.2548862445280227,162190.0,88.71,203264.0
250,Random,0.2,86.65,88.55,66.64552426338196,1.2548862445280227,162190.0,88.71,203264.0
451,Random,0.2,86.6,88.68,56.4497344493866,1.2548862445280227,162190.0,88.71,203264.0
491,Random,0.2,86.6,88.36,69.93989324569702,1.2548862445280227,162190.0,88.71,203264.0
985,Random,0.2,86.6,88.56,52.89658451080322,1.2548862445280227,162190.0,88.71,203264.0
204,Random,0.2,86.6,88.58,53.73895049095154,1.2548862445280227,162190.0,88.71,203264.0
274,Random,0.2,86.6,88.73,52.82761597633362,1.2548862445280227,162190.0,88.71,203264.0
51,Random,0.2,86.6,89.33,54.42495059967041,1.2548862445280227,162190.0,88.71,203264.0
506,Random,0.2,86.55,88.41,60.31969380378723,1.2548862445280227,162190.0,88.71,203264.0
92,Random,0.2,86.6,88.74,74.65394258499146,1.2548862445280227,162190.0,88.71,203264.0
537,Random,0.2,86.55,88.82,66.64780950546265,1.2548862445280227,162190.0,88.71,203264.0
645,Random,0.2,86.55,89.0,64.35927557945251,1.2548862445280227,162190.0,88.71,203264.0
515,Random,0.2,86.55,88.81,69.76612377166748,1.2548862445280227,162190.0,88.71,203264.0
924,Random,0.2,86.55,88.71,70.75567269325256,1.2548862445280227,162190.0,88.71,203264.0
177,Random,0.2,86.55,88.6,70.69685745239258,1.2548862445280227,162190.0,88.71,203264.0
792,Random,0.2,86.55,88.71,60.05250263214111,1.2548862445280227,162190.0,88.71,203264.0
245,Random,0.2,86.55,88.44,69.1282730102539,1.2548862445280227,162190.0,88.71,203264.0
124,Random,0.2,86.5,88.81,58.64307355880737,1.2548862445280227,162190.0,88.71,203264.0
420,Random,0.2,86.5,88.93,61.86997675895691,1.2548862445280227,162190.0,88.71,203264.0
311,Random,0.2,86.5,87.98,66.4527657032013,1.2548862445280227,162190.0,88.71,203264.0
338,Random,0.2,86.45,88.86,59.95901870727539,1.2548862445280227,162190.0,88.71,203264.0
660,Random,0.2,86.45,88.7,61.95115256309509,1.2548862445280227,162190.0,88.71,203264.0
62,Random,0.2,86.45,89.24,60.63226509094238,1.2548862445280227,162190.0,88.71,203264.0
84,Random,0.2,86.45,88.93,64.05870056152344,1.2548862445280227,162190.0,88.71,203264.0
727,Random,0.2,86.45,88.93,49.84794878959656,1.2548862445280227,162190.0,88.71,203264.0
570,Random,0.2,86.4,88.71,57.22567653656006,1.2548862445280227,162190.0,88.71,203264.0
497,Random,0.2,86.4,88.94,72.31566405296326,1.2548862445280227,162190.0,88.71,203264.0
638,Random,0.2,86.4,88.69,69.88892245292664,1.2548862445280227,162190.0,88.71,203264.0
157,Random,0.2,86.4,89.27,66.17898797988892,1.2548862445280227,162190.0,88.71,203264.0
112,Random,0.2,86.4,88.13,58.191526651382446,1.2548862445280227,162190.0,88.71,203264.0
753,Random,0.2,86.35,88.54,56.71661686897278,1.2548862445280227,162190.0,88.71,203264.0
838,Random,0.2,86.4,88.86,58.48113775253296,1.2548862445280227,162190.0,88.71,203264.0
478,Random,0.2,86.3,88.8,53.20914936065674,1.2548862445280227,162190.0,88.71,203264.0
481,Random,0.2,86.3,88.59,50.078519344329834,1.2548862445280227,162190.0,88.71,203264.0
263,Random,0.2,86.3,88.79,44.64250063896179,1.2548862445280227,162190.0,88.71,203264.0
94,Random,0.2,86.3,89.26,45.04683256149292,1.2548862445280227,162190.0,88.71,203264.0
137,Random,0.2,86.3,88.23,45.67184114456177,1.2548862445280227,162190.0,88.71,203264.0
404,Random,0.2,86.25,88.54,44.0574951171875,1.2548862445280227,162190.0,88.71,203264.0
19,Random,0.2,86.25,88.79,45.68143439292908,1.2548862445280227,162190.0,88.71,203264.0
28,Random,0.2,86.25,88.58,44.80720639228821,1.2548862445280227,162190.0,88.71,203264.0
500,Random,0.2,86.2,88.71,46.969029903411865,1.2548862445280227,162190.0,88.71,203264.0
87,Random,0.2,86.1,88.88,44.75937342643738,1.2548862445280227,162190.0,88.71,203264.0
853,Random,0.2,86.0,88.28,44.78905272483826,1.2548862445280227,162190.0,88.71,203264.0
821,Random,0.2,85.95,88.76,44.41332149505615,1.2548862445280227,162190.0,88.71,203264.0
319,Random,0.2,85.9,88.43,43.29888439178467,1.2548862445280227,162190.0,88.71,203264.0
920,Random,0.2,85.9,89.21,44.66593384742737,1.2548862445280227,162190.0,88.71,203264.0
810,Random,0.2,85.9,88.86,44.957772731781006,1.2548862445280227,162190.0,88.71,203264.0
437,Random,0.2,85.85,88.59,46.60284686088562,1.2548862445280227,162190.0,88.71,203264.0
378,Random,0.2,85.8,88.85,44.851572036743164,1.2548862445280227,162190.0,88.71,203264.0
352,Random,0.2,85.7,88.4,44.2169349193573,1.2548862445280227,162190.0,88.71,203264.0
758,Random,0.2,85.7,88.98,45.332942962646484,1.2548862445280227,162190.0,88.71,203264.0
845,Random,0.2,85.7,88.48,43.76096749305725,1.2548862445280227,162190.0,88.71,203264.0
22,Random,0.2,85.6,89.02,43.304203033447266,1.2548862445280227,162190.0,88.71,203264.0
988,Random,0.2,85.25,88.72,44.095470666885376,1.2548862445280227,162190.0,88.71,203264.0
933,Random,0.2,85.1,88.76,44.38558387756348,1.2548862445280227,162190.0,88.71,203264.0
